#아래순서로 테이블생성 및 기초데이터 입력 

# ID Generation
insert into IDS(TABLE_NAME,NEXT_ID) values ('BANNER_ID',1);
insert into IDS(TABLE_NAME,NEXT_ID) values ('BBS_ID',1);
insert into IDS(TABLE_NAME,NEXT_ID) values ('FAQ_ID',1);
insert into IDS(TABLE_NAME,NEXT_ID) values ('FILE_ID',1);
insert into IDS(TABLE_NAME,NEXT_ID) values ('GROUP_ID',1);
insert into IDS(TABLE_NAME,NEXT_ID) values ('INDVDL_INFO_ID',1);
insert into IDS(TABLE_NAME,NEXT_ID) values ('LOGINLOG_ID',1);
insert into IDS(TABLE_NAME,NEXT_ID) values ('QA_ID',1);
insert into IDS(TABLE_NAME,NEXT_ID) values ('QESRSPNS_ID',1);
insert into IDS(TABLE_NAME,NEXT_ID) values ('QESTNR_QESITM_ID',1);
insert into IDS(TABLE_NAME,NEXT_ID) values ('QESTNR_RPD_ID',1);
insert into IDS(TABLE_NAME,NEXT_ID) values ('QUSTNRQESTN_ID',1);
insert into IDS(TABLE_NAME,NEXT_ID) values ('QUSTNRTMPLA_ID',1);
insert into IDS(TABLE_NAME,NEXT_ID) values ('ROLE_ID',1);
insert into IDS(TABLE_NAME,NEXT_ID) values ('SAMPLE',1);
insert into IDS(TABLE_NAME,NEXT_ID) values ('TMPLAT_ID',1);
insert into IDS(TABLE_NAME,NEXT_ID) values ('USE_STPLAT_ID',1);
insert into IDS(TABLE_NAME,NEXT_ID) values ('USRCNFRM_ID',2);
insert into IDS(TABLE_NAME,NEXT_ID) values ('UNIV_ID',1);
insert into IDS(TABLE_NAME,NEXT_ID) values ('CNTN_ID',1);

# 분류코드
insert into LETTCCMMNCLCODE(LOCALE, CL_CODE,CL_CODE_NM,CL_CODE_DC,USE_AT,FRST_REGIST_PNTTM,FRST_REGISTER_ID,LAST_UPDT_PNTTM,LAST_UPDUSR_ID) values ('KO', 'LET','전자정부 프레임워크 경량환경 템플릿','전자정부 프레임워크 경량환경 템플릿1','Y','2011-08-02 21:13:03','SYSTEM','2011-08-09 17:17:08',null);
insert into LETTCCMMNCLCODE(LOCALE, CL_CODE,CL_CODE_NM,CL_CODE_DC,USE_AT,FRST_REGIST_PNTTM,FRST_REGISTER_ID,LAST_UPDT_PNTTM,LAST_UPDUSR_ID) values ('KO', 'WIS','위드미어학원','위드미어학원','Y','2011-08-02 21:13:03','SYSTEM','2011-08-09 17:17:08',null);


# 공통코드
insert into LETTCCMMNCODE(LOCALE,CODE_ID,CODE_ID_NM,CODE_ID_DC,USE_AT,CL_CODE,FRST_REGIST_PNTTM,FRST_REGISTER_ID,LAST_UPDT_PNTTM,LAST_UPDUSR_ID) values ('KO','COM001','등록구분','게시판, 커뮤니티, 동호회 등록구분코드','Y','LET','2011-08-02 21:13:36','SYSTEM','2011-08-02 21:13:36','SYSTEM');
insert into LETTCCMMNCODE(LOCALE,CODE_ID,CODE_ID_NM,CODE_ID_DC,USE_AT,CL_CODE,FRST_REGIST_PNTTM,FRST_REGISTER_ID,LAST_UPDT_PNTTM,LAST_UPDUSR_ID) values ('KO','COM003','업무구분','업무구분코드','Y','LET','2011-08-02 21:13:36','SYSTEM','2011-08-02 21:13:36','SYSTEM');
insert into LETTCCMMNCODE(LOCALE,CODE_ID,CODE_ID_NM,CODE_ID_DC,USE_AT,CL_CODE,FRST_REGIST_PNTTM,FRST_REGISTER_ID,LAST_UPDT_PNTTM,LAST_UPDUSR_ID) values ('KO','COM004','게시판유형','게시판유형구분코드','Y','LET','2011-08-02 21:13:36','SYSTEM','2011-08-02 21:13:36','SYSTEM');
insert into LETTCCMMNCODE(LOCALE,CODE_ID,CODE_ID_NM,CODE_ID_DC,USE_AT,CL_CODE,FRST_REGIST_PNTTM,FRST_REGISTER_ID,LAST_UPDT_PNTTM,LAST_UPDUSR_ID) values ('KO','COM005','템플릿유형','템플릿유형구분코드','Y','LET','2011-08-02 21:13:36','SYSTEM','2011-08-02 21:13:36','SYSTEM');
insert into LETTCCMMNCODE(LOCALE,CODE_ID,CODE_ID_NM,CODE_ID_DC,USE_AT,CL_CODE,FRST_REGIST_PNTTM,FRST_REGISTER_ID,LAST_UPDT_PNTTM,LAST_UPDUSR_ID) values ('KO','COM009','게시판속성','게시판 속성','Y','LET','2011-08-02 21:13:36','SYSTEM','2011-08-02 21:13:36','SYSTEM');
insert into LETTCCMMNCODE(LOCALE,CODE_ID,CODE_ID_NM,CODE_ID_DC,USE_AT,CL_CODE,FRST_REGIST_PNTTM,FRST_REGISTER_ID,LAST_UPDT_PNTTM,LAST_UPDUSR_ID) values ('KO','COM013','회원상태','회원 가입 신청/승인/삭제를 위한 상태 구분','Y','LET','2011-08-12 10:52:34','SYSTEM','2011-08-12 10:52:34','SYSTEM');
insert into LETTCCMMNCODE(LOCALE,CODE_ID,CODE_ID_NM,CODE_ID_DC,USE_AT,CL_CODE,FRST_REGIST_PNTTM,FRST_REGISTER_ID,LAST_UPDT_PNTTM,LAST_UPDUSR_ID) values ('KO','COM014','성별구분','남녀 성별 구분','Y','LET','2011-08-12 10:52:34','SYSTEM','2011-08-12 10:52:34','SYSTEM');
insert into LETTCCMMNCODE(LOCALE,CODE_ID,CODE_ID_NM,CODE_ID_DC,USE_AT,CL_CODE,FRST_REGIST_PNTTM,FRST_REGISTER_ID,LAST_UPDT_PNTTM,LAST_UPDUSR_ID) values ('KO','COM018','질문유형','질문유형 객관식/주관식 상태구분','Y','LET','2011-08-24 16:37:56','SYSTEM','2011-08-24 16:37:56','SYSTEM');
insert into LETTCCMMNCODE(LOCALE,CODE_ID,CODE_ID_NM,CODE_ID_DC,USE_AT,CL_CODE,FRST_REGIST_PNTTM,FRST_REGISTER_ID,LAST_UPDT_PNTTM,LAST_UPDUSR_ID) values ('KO','COM022','비밀번호 힌트','비밀번호 힌트 구분코드','Y','LET','2011-08-12 10:52:34','SYSTEM','2011-08-12 10:52:34','SYSTEM');
insert into LETTCCMMNCODE(LOCALE,CODE_ID,CODE_ID_NM,CODE_ID_DC,USE_AT,CL_CODE,FRST_REGIST_PNTTM,FRST_REGISTER_ID,LAST_UPDT_PNTTM,LAST_UPDUSR_ID) values ('KO','COM028','질의응답처리상태','Q/A 처리상태코드','Y','LET','2011-08-22 20:53:01','SYSTEM','2011-08-22 20:53:01','SYSTEM');
insert into LETTCCMMNCODE(LOCALE,CODE_ID,CODE_ID_NM,CODE_ID_DC,USE_AT,CL_CODE,FRST_REGIST_PNTTM,FRST_REGISTER_ID,LAST_UPDT_PNTTM,LAST_UPDUSR_ID) values ('KO','COM029','롤유형코드','롤유형코드','Y','LET','2011-08-12 10:46:39','SYSTEM','2011-08-12 10:46:39','SYSTEM');
insert into LETTCCMMNCODE(LOCALE,CODE_ID,CODE_ID_NM,CODE_ID_DC,USE_AT,CL_CODE,FRST_REGIST_PNTTM,FRST_REGISTER_ID,LAST_UPDT_PNTTM,LAST_UPDUSR_ID) values ('KO','COM034','직업유형','직업유형코드','Y','LET','2011-08-24 14:41:07','SYSTEM','2011-08-24 14:41:07','SYSTEM');
insert into LETTCCMMNCODE(LOCALE,CODE_ID,CODE_ID_NM,CODE_ID_DC,USE_AT,CL_CODE,FRST_REGIST_PNTTM,FRST_REGISTER_ID,LAST_UPDT_PNTTM,LAST_UPDUSR_ID) values ('KO','CITY_TC','도시구분코드','도시구분코드','Y','WIS','2011-08-24 14:41:07','SYSTEM','2011-08-24 14:41:07','SYSTEM');
insert into LETTCCMMNCODE(LOCALE,CODE_ID,CODE_ID_NM,CODE_ID_DC,USE_AT,CL_CODE,FRST_REGIST_PNTTM,FRST_REGISTER_ID,LAST_UPDT_PNTTM,LAST_UPDUSR_ID) values ('KO','LOCALE_TC','LOCALE구분코드','LOCALE구분코드','Y','WIS','2011-08-24 14:41:07','SYSTEM','2011-08-24 14:41:07','SYSTEM');


# 공통상세코드
insert into LETTCCMMNDETAILCODE(LOCALE,CODE_ID,CODE,CODE_NM,CODE_DC,USE_AT,FRST_REGIST_PNTTM,FRST_REGISTER_ID,LAST_UPDT_PNTTM,LAST_UPDUSR_ID) values ('KO', 'COM001','REGC01','단일 게시판 이용등록','단일 게시판 이용등록','Y','2011-08-02 21:13:36','SYSTEM','2011-08-02 21:13:36','SYSTEM');
insert into LETTCCMMNDETAILCODE(LOCALE,CODE_ID,CODE,CODE_NM,CODE_DC,USE_AT,FRST_REGIST_PNTTM,FRST_REGISTER_ID,LAST_UPDT_PNTTM,LAST_UPDUSR_ID) values ('KO', 'COM001','REGC07','게시판사용자등록','게시판사용자등록','Y','2011-08-02 21:13:36','SYSTEM','2011-08-02 21:13:36','SYSTEM');
insert into LETTCCMMNDETAILCODE(LOCALE,CODE_ID,CODE,CODE_NM,CODE_DC,USE_AT,FRST_REGIST_PNTTM,FRST_REGISTER_ID,LAST_UPDT_PNTTM,LAST_UPDUSR_ID) values ('KO', 'COM003','BBS','게시판','게시판','Y','2011-08-02 21:13:36','SYSTEM','2011-08-02 21:13:36','SYSTEM');
insert into LETTCCMMNDETAILCODE(LOCALE,CODE_ID,CODE,CODE_NM,CODE_DC,USE_AT,FRST_REGIST_PNTTM,FRST_REGISTER_ID,LAST_UPDT_PNTTM,LAST_UPDUSR_ID) values ('KO', 'COM004','BBST01','일반게시판','일반게시판','Y','2011-08-02 21:13:36','SYSTEM','2011-08-02 21:13:36','SYSTEM');
insert into LETTCCMMNDETAILCODE(LOCALE,CODE_ID,CODE,CODE_NM,CODE_DC,USE_AT,FRST_REGIST_PNTTM,FRST_REGISTER_ID,LAST_UPDT_PNTTM,LAST_UPDUSR_ID) values ('KO', 'COM004','BBST02','익명게시판','익명게시판','N','2011-08-02 21:13:36','SYSTEM','2011-08-02 21:13:36','SYSTEM');
insert into LETTCCMMNDETAILCODE(LOCALE,CODE_ID,CODE,CODE_NM,CODE_DC,USE_AT,FRST_REGIST_PNTTM,FRST_REGISTER_ID,LAST_UPDT_PNTTM,LAST_UPDUSR_ID) values ('KO', 'COM004','BBST03','공지게시판','공지게시판','Y','2011-08-02 21:13:36','SYSTEM','2011-08-02 21:13:36','SYSTEM');
insert into LETTCCMMNDETAILCODE(LOCALE,CODE_ID,CODE,CODE_NM,CODE_DC,USE_AT,FRST_REGIST_PNTTM,FRST_REGISTER_ID,LAST_UPDT_PNTTM,LAST_UPDUSR_ID) values ('KO', 'COM005','TMPT01','게시판템플릿','게시판템플릿','Y','2011-08-02 21:13:36','SYSTEM','2011-08-02 21:13:36','SYSTEM');
insert into LETTCCMMNDETAILCODE(LOCALE,CODE_ID,CODE,CODE_NM,CODE_DC,USE_AT,FRST_REGIST_PNTTM,FRST_REGISTER_ID,LAST_UPDT_PNTTM,LAST_UPDUSR_ID) values ('KO', 'COM009','BBSA01','유효게시판','유효게시판','N','2011-08-02 21:13:37','SYSTEM','2011-08-02 21:13:37','SYSTEM');
insert into LETTCCMMNDETAILCODE(LOCALE,CODE_ID,CODE,CODE_NM,CODE_DC,USE_AT,FRST_REGIST_PNTTM,FRST_REGISTER_ID,LAST_UPDT_PNTTM,LAST_UPDUSR_ID) values ('KO', 'COM009','BBSA02','갤러리','갤러리','Y','2011-08-02 21:13:37','SYSTEM','2011-08-02 21:13:37','SYSTEM');
insert into LETTCCMMNDETAILCODE(LOCALE,CODE_ID,CODE,CODE_NM,CODE_DC,USE_AT,FRST_REGIST_PNTTM,FRST_REGISTER_ID,LAST_UPDT_PNTTM,LAST_UPDUSR_ID) values ('KO', 'COM009','BBSA03','일반게시판','일반게시판','Y','2011-08-02 21:13:37','SYSTEM','2011-08-02 21:13:37','SYSTEM');
insert into LETTCCMMNDETAILCODE(LOCALE,CODE_ID,CODE,CODE_NM,CODE_DC,USE_AT,FRST_REGIST_PNTTM,FRST_REGISTER_ID,LAST_UPDT_PNTTM,LAST_UPDUSR_ID) values ('KO', 'COM013','A','회원 가입 신청 상태','회원 가입 신청 상태','Y','2011-08-12 10:57:34','SYSTEM','2011-08-12 10:57:34','SYSTEM');
insert into LETTCCMMNDETAILCODE(LOCALE,CODE_ID,CODE,CODE_NM,CODE_DC,USE_AT,FRST_REGIST_PNTTM,FRST_REGISTER_ID,LAST_UPDT_PNTTM,LAST_UPDUSR_ID) values ('KO', 'COM013','D','회원 가입 삭제 상태','회원 가입 삭제 상태','Y','2011-08-12 10:57:34','SYSTEM','2011-08-12 10:57:34','SYSTEM');
insert into LETTCCMMNDETAILCODE(LOCALE,CODE_ID,CODE,CODE_NM,CODE_DC,USE_AT,FRST_REGIST_PNTTM,FRST_REGISTER_ID,LAST_UPDT_PNTTM,LAST_UPDUSR_ID) values ('KO', 'COM013','P','회원 가입 승인 상태','회원 가입 승인 상태','Y','2011-08-12 10:57:34','SYSTEM','2011-08-12 10:57:34','SYSTEM');
insert into LETTCCMMNDETAILCODE(LOCALE,CODE_ID,CODE,CODE_NM,CODE_DC,USE_AT,FRST_REGIST_PNTTM,FRST_REGISTER_ID,LAST_UPDT_PNTTM,LAST_UPDUSR_ID) values ('KO', 'COM014','F','여자','여자','Y','2011-08-12 10:57:34','SYSTEM','2011-08-12 10:57:34','SYSTEM');
insert into LETTCCMMNDETAILCODE(LOCALE,CODE_ID,CODE,CODE_NM,CODE_DC,USE_AT,FRST_REGIST_PNTTM,FRST_REGISTER_ID,LAST_UPDT_PNTTM,LAST_UPDUSR_ID) values ('KO', 'COM014','M','남자','남자','Y','2011-08-12 10:57:34','SYSTEM','2011-08-12 10:57:34','SYSTEM');
insert into LETTCCMMNDETAILCODE(LOCALE,CODE_ID,CODE,CODE_NM,CODE_DC,USE_AT,FRST_REGIST_PNTTM,FRST_REGISTER_ID,LAST_UPDT_PNTTM,LAST_UPDUSR_ID) values ('KO', 'COM018','1','객관식','객관식','Y','2011-08-24 16:37:56','SYSTEM','2011-08-24 16:37:56','SYSTEM');
insert into LETTCCMMNDETAILCODE(LOCALE,CODE_ID,CODE,CODE_NM,CODE_DC,USE_AT,FRST_REGIST_PNTTM,FRST_REGISTER_ID,LAST_UPDT_PNTTM,LAST_UPDUSR_ID) values ('KO', 'COM018','2','주관식','주관식','Y','2011-08-24 16:37:56','SYSTEM','2011-08-24 16:37:56','SYSTEM');
insert into LETTCCMMNDETAILCODE(LOCALE,CODE_ID,CODE,CODE_NM,CODE_DC,USE_AT,FRST_REGIST_PNTTM,FRST_REGISTER_ID,LAST_UPDT_PNTTM,LAST_UPDUSR_ID) values ('KO', 'COM022',' P01','가장 기억에 남는 장소는?','가장 기억에 남는 장소는?','Y','2011-08-12 10:57:33','SYSTEM','2011-08-12 10:57:33','SYSTEM');
insert into LETTCCMMNDETAILCODE(LOCALE,CODE_ID,CODE,CODE_NM,CODE_DC,USE_AT,FRST_REGIST_PNTTM,FRST_REGISTER_ID,LAST_UPDT_PNTTM,LAST_UPDUSR_ID) values ('KO', 'COM022',' P02','나의 좌우명은?','나의 좌우명은?','Y','2011-08-12 10:57:33','SYSTEM','2011-08-12 10:57:33','SYSTEM');
insert into LETTCCMMNDETAILCODE(LOCALE,CODE_ID,CODE,CODE_NM,CODE_DC,USE_AT,FRST_REGIST_PNTTM,FRST_REGISTER_ID,LAST_UPDT_PNTTM,LAST_UPDUSR_ID) values ('KO', 'COM022',' P03','나의 보물 제1호는?','나의 보물 제1호는?','Y','2011-08-12 10:57:33','SYSTEM','2011-08-12 10:57:33','SYSTEM');
insert into LETTCCMMNDETAILCODE(LOCALE,CODE_ID,CODE,CODE_NM,CODE_DC,USE_AT,FRST_REGIST_PNTTM,FRST_REGISTER_ID,LAST_UPDT_PNTTM,LAST_UPDUSR_ID) values ('KO', 'COM022',' P04','가장 기억에 남는 선생님 성함은?','가장 기억에 남는 선생님 성함은?','Y','2011-08-12 10:57:33','SYSTEM','2011-08-12 10:57:33','SYSTEM');
insert into LETTCCMMNDETAILCODE(LOCALE,CODE_ID,CODE,CODE_NM,CODE_DC,USE_AT,FRST_REGIST_PNTTM,FRST_REGISTER_ID,LAST_UPDT_PNTTM,LAST_UPDUSR_ID) values ('KO', 'COM022',' P05','다른 사람은 모르는 나만의 신체비밀은?','다른 사람은 모르는 나만의 신체비밀은?','Y','2011-08-12 10:57:33','SYSTEM','2011-08-12 10:57:33','SYSTEM');
insert into LETTCCMMNDETAILCODE(LOCALE,CODE_ID,CODE,CODE_NM,CODE_DC,USE_AT,FRST_REGIST_PNTTM,FRST_REGISTER_ID,LAST_UPDT_PNTTM,LAST_UPDUSR_ID) values ('KO', 'COM028','1','접수대기','접수대기','Y','2011-08-22 20:53:02','SYSTEM','2011-08-22 20:53:02','SYSTEM');
insert into LETTCCMMNDETAILCODE(LOCALE,CODE_ID,CODE,CODE_NM,CODE_DC,USE_AT,FRST_REGIST_PNTTM,FRST_REGISTER_ID,LAST_UPDT_PNTTM,LAST_UPDUSR_ID) values ('KO', 'COM028','2','접수','접수','Y','2011-08-22 20:53:02','SYSTEM','2011-08-22 20:53:02','SYSTEM');
insert into LETTCCMMNDETAILCODE(LOCALE,CODE_ID,CODE,CODE_NM,CODE_DC,USE_AT,FRST_REGIST_PNTTM,FRST_REGISTER_ID,LAST_UPDT_PNTTM,LAST_UPDUSR_ID) values ('KO', 'COM028','3','완료','완료','Y','2011-08-22 20:53:02','SYSTEM','2011-08-22 20:53:02','SYSTEM');
insert into LETTCCMMNDETAILCODE(LOCALE,CODE_ID,CODE,CODE_NM,CODE_DC,USE_AT,FRST_REGIST_PNTTM,FRST_REGISTER_ID,LAST_UPDT_PNTTM,LAST_UPDUSR_ID) values ('KO', 'COM029','url','URL','URL','Y','2011-08-12 10:46:39','SYSTEM','2011-08-12 10:46:39','SYSTEM');
insert into LETTCCMMNDETAILCODE(LOCALE,CODE_ID,CODE,CODE_NM,CODE_DC,USE_AT,FRST_REGIST_PNTTM,FRST_REGISTER_ID,LAST_UPDT_PNTTM,LAST_UPDUSR_ID) values ('KO', 'COM034','1','학생','학생','Y','2011-08-24 14:41:44','SYSTEM','2011-08-24 14:41:44','SYSTEM');
insert into LETTCCMMNDETAILCODE(LOCALE,CODE_ID,CODE,CODE_NM,CODE_DC,USE_AT,FRST_REGIST_PNTTM,FRST_REGISTER_ID,LAST_UPDT_PNTTM,LAST_UPDUSR_ID) values ('KO', 'COM034','2','대학생','대학생','Y','2011-08-24 14:41:44','SYSTEM','2011-08-24 14:41:44','SYSTEM');
insert into LETTCCMMNDETAILCODE(LOCALE,CODE_ID,CODE,CODE_NM,CODE_DC,USE_AT,FRST_REGIST_PNTTM,FRST_REGISTER_ID,LAST_UPDT_PNTTM,LAST_UPDUSR_ID) values ('KO', 'COM034','3','군인','군인','Y','2011-08-24 14:41:45','SYSTEM','2011-08-24 14:41:45','SYSTEM');
insert into LETTCCMMNDETAILCODE(LOCALE,CODE_ID,CODE,CODE_NM,CODE_DC,USE_AT,FRST_REGIST_PNTTM,FRST_REGISTER_ID,LAST_UPDT_PNTTM,LAST_UPDUSR_ID) values ('KO', 'COM034','4','교사','교사','Y','2011-08-24 14:41:45','SYSTEM','2011-08-24 14:41:45','SYSTEM');
insert into LETTCCMMNDETAILCODE(LOCALE,CODE_ID,CODE,CODE_NM,CODE_DC,USE_AT,FRST_REGIST_PNTTM,FRST_REGISTER_ID,LAST_UPDT_PNTTM,LAST_UPDUSR_ID) values ('KO', 'COM034','5','기타','기타','Y','2011-08-24 14:41:45','SYSTEM','2011-08-24 14:41:45','SYSTEM');
insert into LETTCCMMNDETAILCODE(LOCALE,CODE_ID,CODE,CODE_NM,CODE_DC,USE_AT,FRST_REGIST_PNTTM,FRST_REGISTER_ID,LAST_UPDT_PNTTM,LAST_UPDUSR_ID) values ('KO', 'LOCALE_TC','KO','한국','한국','Y','2011-08-24 14:41:45','SYSTEM','2011-08-24 14:41:45','SYSTEM');	
insert into LETTCCMMNDETAILCODE(LOCALE,CODE_ID,CODE,CODE_NM,CODE_DC,USE_AT,FRST_REGIST_PNTTM,FRST_REGISTER_ID,LAST_UPDT_PNTTM,LAST_UPDUSR_ID) values ('KO', 'LOCALE_TC','EN','미국','미국','Y','2011-08-24 14:41:45','SYSTEM','2011-08-24 14:41:45','SYSTEM');	
insert into LETTCCMMNDETAILCODE(LOCALE,CODE_ID,CODE,CODE_NM,CODE_DC,USE_AT,FRST_REGIST_PNTTM,FRST_REGISTER_ID,LAST_UPDT_PNTTM,LAST_UPDUSR_ID) values ('KO', 'LOCALE_TC','ZH','중국','중국','Y','2011-08-24 14:41:45','SYSTEM','2011-08-24 14:41:45','SYSTEM');	
insert into LETTCCMMNDETAILCODE(LOCALE,CODE_ID,CODE,CODE_NM,CODE_DC,USE_AT,FRST_REGIST_PNTTM,FRST_REGISTER_ID,LAST_UPDT_PNTTM,LAST_UPDUSR_ID) values ('KO', 'LOCALE_TC','MN','몽골','몽골','Y','2011-08-24 14:41:45','SYSTEM','2011-08-24 14:41:45','SYSTEM');	


# level 코드
insert into lettclevelcode(CODE_ID,CODE,CODE_NM,CODE_DC,USE_AT,FRST_REGIST_PNTTM,FRST_REGISTER_ID,LAST_UPDT_PNTTM,LAST_UPDUSR_ID,LOCALE,UPPER_CODE) values ('CITY_TC','CITY0001','서울특별시','도시구분코드','Y','2013-04-12 10:20:20','WISCKO',null,null,'KO','0');
insert into lettclevelcode(CODE_ID,CODE,CODE_NM,CODE_DC,USE_AT,FRST_REGIST_PNTTM,FRST_REGISTER_ID,LAST_UPDT_PNTTM,LAST_UPDUSR_ID,LOCALE,UPPER_CODE) values ('CITY_TC','CITY0002','광주광역시','도시구분코드','Y','2013-04-12 10:20:20','WISCKO',null,null,'KO','0');
insert into lettclevelcode(CODE_ID,CODE,CODE_NM,CODE_DC,USE_AT,FRST_REGIST_PNTTM,FRST_REGISTER_ID,LAST_UPDT_PNTTM,LAST_UPDUSR_ID,LOCALE,UPPER_CODE) values ('CITY_TC','CITY0003','대구광역시','도시구분코드','Y','2013-04-12 10:20:20','WISCKO',null,null,'KO','0');
insert into lettclevelcode(CODE_ID,CODE,CODE_NM,CODE_DC,USE_AT,FRST_REGIST_PNTTM,FRST_REGISTER_ID,LAST_UPDT_PNTTM,LAST_UPDUSR_ID,LOCALE,UPPER_CODE) values ('CITY_TC','CITY0004','대전광역시','도시구분코드','Y','2013-04-12 10:20:20','WISCKO',null,null,'KO','0');
insert into lettclevelcode(CODE_ID,CODE,CODE_NM,CODE_DC,USE_AT,FRST_REGIST_PNTTM,FRST_REGISTER_ID,LAST_UPDT_PNTTM,LAST_UPDUSR_ID,LOCALE,UPPER_CODE) values ('CITY_TC','CITY0005','인천광역시','도시구분코드','Y','2013-04-12 10:20:20','WISCKO',null,null,'KO','0');
insert into lettclevelcode(CODE_ID,CODE,CODE_NM,CODE_DC,USE_AT,FRST_REGIST_PNTTM,FRST_REGISTER_ID,LAST_UPDT_PNTTM,LAST_UPDUSR_ID,LOCALE,UPPER_CODE) values ('CITY_TC','CITY0006','부산광역시','도시구분코드','Y','2013-04-12 10:20:20','WISCKO',null,null,'KO','0');
insert into lettclevelcode(CODE_ID,CODE,CODE_NM,CODE_DC,USE_AT,FRST_REGIST_PNTTM,FRST_REGISTER_ID,LAST_UPDT_PNTTM,LAST_UPDUSR_ID,LOCALE,UPPER_CODE) values ('CITY_TC','CITY0007','울산광역시','도시구분코드','Y','2013-04-12 10:20:20','WISCKO',null,null,'KO','0');
insert into lettclevelcode(CODE_ID,CODE,CODE_NM,CODE_DC,USE_AT,FRST_REGIST_PNTTM,FRST_REGISTER_ID,LAST_UPDT_PNTTM,LAST_UPDUSR_ID,LOCALE,UPPER_CODE) values ('CITY_TC','CITY0008','강원도','도시구분코드','Y','2013-04-12 10:20:20','WISCKO',null,null,'KO','0');
insert into lettclevelcode(CODE_ID,CODE,CODE_NM,CODE_DC,USE_AT,FRST_REGIST_PNTTM,FRST_REGISTER_ID,LAST_UPDT_PNTTM,LAST_UPDUSR_ID,LOCALE,UPPER_CODE) values ('CITY_TC','CITY0009','경기도','도시구분코드','Y','2013-04-12 10:20:20','WISCKO',null,null,'KO','0');
insert into lettclevelcode(CODE_ID,CODE,CODE_NM,CODE_DC,USE_AT,FRST_REGIST_PNTTM,FRST_REGISTER_ID,LAST_UPDT_PNTTM,LAST_UPDUSR_ID,LOCALE,UPPER_CODE) values ('CITY_TC','CITY0010','경상남도','도시구분코드','Y','2013-04-12 10:20:20','WISCKO',null,null,'KO','0');
insert into lettclevelcode(CODE_ID,CODE,CODE_NM,CODE_DC,USE_AT,FRST_REGIST_PNTTM,FRST_REGISTER_ID,LAST_UPDT_PNTTM,LAST_UPDUSR_ID,LOCALE,UPPER_CODE) values ('CITY_TC','CITY0011','경상북도','도시구분코드','Y','2013-04-12 10:20:20','WISCKO',null,null,'KO','0');
insert into lettclevelcode(CODE_ID,CODE,CODE_NM,CODE_DC,USE_AT,FRST_REGIST_PNTTM,FRST_REGISTER_ID,LAST_UPDT_PNTTM,LAST_UPDUSR_ID,LOCALE,UPPER_CODE) values ('CITY_TC','CITY0012','전라남도','도시구분코드','Y','2013-04-12 10:20:20','WISCKO',null,null,'KO','0');
insert into lettclevelcode(CODE_ID,CODE,CODE_NM,CODE_DC,USE_AT,FRST_REGIST_PNTTM,FRST_REGISTER_ID,LAST_UPDT_PNTTM,LAST_UPDUSR_ID,LOCALE,UPPER_CODE) values ('CITY_TC','CITY0013','전라북도','도시구분코드','Y','2013-04-12 10:20:20','WISCKO',null,null,'KO','0');
insert into lettclevelcode(CODE_ID,CODE,CODE_NM,CODE_DC,USE_AT,FRST_REGIST_PNTTM,FRST_REGISTER_ID,LAST_UPDT_PNTTM,LAST_UPDUSR_ID,LOCALE,UPPER_CODE) values ('CITY_TC','CITY0014','충청남도','도시구분코드','Y','2013-04-12 10:20:20','WISCKO',null,null,'KO','0');
insert into lettclevelcode(CODE_ID,CODE,CODE_NM,CODE_DC,USE_AT,FRST_REGIST_PNTTM,FRST_REGISTER_ID,LAST_UPDT_PNTTM,LAST_UPDUSR_ID,LOCALE,UPPER_CODE) values ('CITY_TC','CITY0015','충청북도','도시구분코드','Y','2013-04-12 10:20:20','WISCKO',null,null,'KO','0');
insert into lettclevelcode(CODE_ID,CODE,CODE_NM,CODE_DC,USE_AT,FRST_REGIST_PNTTM,FRST_REGISTER_ID,LAST_UPDT_PNTTM,LAST_UPDUSR_ID,LOCALE,UPPER_CODE) values ('CITY_TC','CITY0016','세종특별자치시','도시구분코드','Y','2013-04-12 10:20:20','WISCKO',null,null,'KO','0');
insert into lettclevelcode(CODE_ID,CODE,CODE_NM,CODE_DC,USE_AT,FRST_REGIST_PNTTM,FRST_REGISTER_ID,LAST_UPDT_PNTTM,LAST_UPDUSR_ID,LOCALE,UPPER_CODE) values ('CITY_TC','CITY0017','제주도특별자치도','도시구분코드','Y','2013-04-12 10:20:20','WISCKO',null,null,'KO','0');
insert into lettclevelcode(CODE_ID,CODE,CODE_NM,CODE_DC,USE_AT,FRST_REGIST_PNTTM,FRST_REGISTER_ID,LAST_UPDT_PNTTM,LAST_UPDUSR_ID,LOCALE,UPPER_CODE) values ('CITY_TC','CITY00010001','강남구','도시구분코드','Y','2013-04-12 10:20:20','WISCKO',null,null,'KO','CITY0001');
insert into lettclevelcode(CODE_ID,CODE,CODE_NM,CODE_DC,USE_AT,FRST_REGIST_PNTTM,FRST_REGISTER_ID,LAST_UPDT_PNTTM,LAST_UPDUSR_ID,LOCALE,UPPER_CODE) values ('CITY_TC','CITY00010002','강동구','도시구분코드','Y','2013-04-12 10:20:20','WISCKO',null,null,'KO','CITY0001');
insert into lettclevelcode(CODE_ID,CODE,CODE_NM,CODE_DC,USE_AT,FRST_REGIST_PNTTM,FRST_REGISTER_ID,LAST_UPDT_PNTTM,LAST_UPDUSR_ID,LOCALE,UPPER_CODE) values ('CITY_TC','CITY00010003','강북구','도시구분코드','Y','2013-04-12 10:20:20','WISCKO',null,null,'KO','CITY0001');
insert into lettclevelcode(CODE_ID,CODE,CODE_NM,CODE_DC,USE_AT,FRST_REGIST_PNTTM,FRST_REGISTER_ID,LAST_UPDT_PNTTM,LAST_UPDUSR_ID,LOCALE,UPPER_CODE) values ('CITY_TC','CITY00010004','강서구','도시구분코드','Y','2013-04-12 10:20:20','WISCKO',null,null,'KO','CITY0001');
insert into lettclevelcode(CODE_ID,CODE,CODE_NM,CODE_DC,USE_AT,FRST_REGIST_PNTTM,FRST_REGISTER_ID,LAST_UPDT_PNTTM,LAST_UPDUSR_ID,LOCALE,UPPER_CODE) values ('CITY_TC','CITY00010005','관악구','도시구분코드','Y','2013-04-12 10:20:20','WISCKO',null,null,'KO','CITY0001');
insert into lettclevelcode(CODE_ID,CODE,CODE_NM,CODE_DC,USE_AT,FRST_REGIST_PNTTM,FRST_REGISTER_ID,LAST_UPDT_PNTTM,LAST_UPDUSR_ID,LOCALE,UPPER_CODE) values ('CITY_TC','CITY00010006','광진구','도시구분코드','Y','2013-04-12 10:20:20','WISCKO',null,null,'KO','CITY0001');
insert into lettclevelcode(CODE_ID,CODE,CODE_NM,CODE_DC,USE_AT,FRST_REGIST_PNTTM,FRST_REGISTER_ID,LAST_UPDT_PNTTM,LAST_UPDUSR_ID,LOCALE,UPPER_CODE) values ('CITY_TC','CITY00010007','구로구','도시구분코드','Y','2013-04-12 10:20:20','WISCKO',null,null,'KO','CITY0001');
insert into lettclevelcode(CODE_ID,CODE,CODE_NM,CODE_DC,USE_AT,FRST_REGIST_PNTTM,FRST_REGISTER_ID,LAST_UPDT_PNTTM,LAST_UPDUSR_ID,LOCALE,UPPER_CODE) values ('CITY_TC','CITY00010008','금천구','도시구분코드','Y','2013-04-12 10:20:20','WISCKO',null,null,'KO','CITY0001');
insert into lettclevelcode(CODE_ID,CODE,CODE_NM,CODE_DC,USE_AT,FRST_REGIST_PNTTM,FRST_REGISTER_ID,LAST_UPDT_PNTTM,LAST_UPDUSR_ID,LOCALE,UPPER_CODE) values ('CITY_TC','CITY00010009','노원구','도시구분코드','Y','2013-04-12 10:20:20','WISCKO',null,null,'KO','CITY0001');
insert into lettclevelcode(CODE_ID,CODE,CODE_NM,CODE_DC,USE_AT,FRST_REGIST_PNTTM,FRST_REGISTER_ID,LAST_UPDT_PNTTM,LAST_UPDUSR_ID,LOCALE,UPPER_CODE) values ('CITY_TC','CITY00010010','도봉구','도시구분코드','Y','2013-04-12 10:20:20','WISCKO',null,null,'KO','CITY0001');
insert into lettclevelcode(CODE_ID,CODE,CODE_NM,CODE_DC,USE_AT,FRST_REGIST_PNTTM,FRST_REGISTER_ID,LAST_UPDT_PNTTM,LAST_UPDUSR_ID,LOCALE,UPPER_CODE) values ('CITY_TC','CITY00010011','동대문구','도시구분코드','Y','2013-04-12 10:20:20','WISCKO',null,null,'KO','CITY0001');
insert into lettclevelcode(CODE_ID,CODE,CODE_NM,CODE_DC,USE_AT,FRST_REGIST_PNTTM,FRST_REGISTER_ID,LAST_UPDT_PNTTM,LAST_UPDUSR_ID,LOCALE,UPPER_CODE) values ('CITY_TC','CITY00010012','동작구','도시구분코드','Y','2013-04-12 10:20:20','WISCKO',null,null,'KO','CITY0001');
insert into lettclevelcode(CODE_ID,CODE,CODE_NM,CODE_DC,USE_AT,FRST_REGIST_PNTTM,FRST_REGISTER_ID,LAST_UPDT_PNTTM,LAST_UPDUSR_ID,LOCALE,UPPER_CODE) values ('CITY_TC','CITY00010013','마포구','도시구분코드','Y','2013-04-12 10:20:20','WISCKO',null,null,'KO','CITY0001');
insert into lettclevelcode(CODE_ID,CODE,CODE_NM,CODE_DC,USE_AT,FRST_REGIST_PNTTM,FRST_REGISTER_ID,LAST_UPDT_PNTTM,LAST_UPDUSR_ID,LOCALE,UPPER_CODE) values ('CITY_TC','CITY00010014','서대문구','도시구분코드','Y','2013-04-12 10:20:20','WISCKO',null,null,'KO','CITY0001');
insert into lettclevelcode(CODE_ID,CODE,CODE_NM,CODE_DC,USE_AT,FRST_REGIST_PNTTM,FRST_REGISTER_ID,LAST_UPDT_PNTTM,LAST_UPDUSR_ID,LOCALE,UPPER_CODE) values ('CITY_TC','CITY00010015','서초구','도시구분코드','Y','2013-04-12 10:20:20','WISCKO',null,null,'KO','CITY0001');
insert into lettclevelcode(CODE_ID,CODE,CODE_NM,CODE_DC,USE_AT,FRST_REGIST_PNTTM,FRST_REGISTER_ID,LAST_UPDT_PNTTM,LAST_UPDUSR_ID,LOCALE,UPPER_CODE) values ('CITY_TC','CITY00010016','성동구','도시구분코드','Y','2013-04-12 10:20:20','WISCKO',null,null,'KO','CITY0001');
insert into lettclevelcode(CODE_ID,CODE,CODE_NM,CODE_DC,USE_AT,FRST_REGIST_PNTTM,FRST_REGISTER_ID,LAST_UPDT_PNTTM,LAST_UPDUSR_ID,LOCALE,UPPER_CODE) values ('CITY_TC','CITY00010017','성북구','도시구분코드','Y','2013-04-12 10:20:20','WISCKO',null,null,'KO','CITY0001');
insert into lettclevelcode(CODE_ID,CODE,CODE_NM,CODE_DC,USE_AT,FRST_REGIST_PNTTM,FRST_REGISTER_ID,LAST_UPDT_PNTTM,LAST_UPDUSR_ID,LOCALE,UPPER_CODE) values ('CITY_TC','CITY00010018','송파구','도시구분코드','Y','2013-04-12 10:20:20','WISCKO',null,null,'KO','CITY0001');
insert into lettclevelcode(CODE_ID,CODE,CODE_NM,CODE_DC,USE_AT,FRST_REGIST_PNTTM,FRST_REGISTER_ID,LAST_UPDT_PNTTM,LAST_UPDUSR_ID,LOCALE,UPPER_CODE) values ('CITY_TC','CITY00010019','양천구','도시구분코드','Y','2013-04-12 10:20:20','WISCKO',null,null,'KO','CITY0001');
insert into lettclevelcode(CODE_ID,CODE,CODE_NM,CODE_DC,USE_AT,FRST_REGIST_PNTTM,FRST_REGISTER_ID,LAST_UPDT_PNTTM,LAST_UPDUSR_ID,LOCALE,UPPER_CODE) values ('CITY_TC','CITY00010020','영등포구','도시구분코드','Y','2013-04-12 10:20:20','WISCKO',null,null,'KO','CITY0001');
insert into lettclevelcode(CODE_ID,CODE,CODE_NM,CODE_DC,USE_AT,FRST_REGIST_PNTTM,FRST_REGISTER_ID,LAST_UPDT_PNTTM,LAST_UPDUSR_ID,LOCALE,UPPER_CODE) values ('CITY_TC','CITY00010021','용산구','도시구분코드','Y','2013-04-12 10:20:20','WISCKO',null,null,'KO','CITY0001');
insert into lettclevelcode(CODE_ID,CODE,CODE_NM,CODE_DC,USE_AT,FRST_REGIST_PNTTM,FRST_REGISTER_ID,LAST_UPDT_PNTTM,LAST_UPDUSR_ID,LOCALE,UPPER_CODE) values ('CITY_TC','CITY00010022','은평구','도시구분코드','Y','2013-04-12 10:20:20','WISCKO',null,null,'KO','CITY0001');
insert into lettclevelcode(CODE_ID,CODE,CODE_NM,CODE_DC,USE_AT,FRST_REGIST_PNTTM,FRST_REGISTER_ID,LAST_UPDT_PNTTM,LAST_UPDUSR_ID,LOCALE,UPPER_CODE) values ('CITY_TC','CITY00010023','종로구','도시구분코드','Y','2013-04-12 10:20:20','WISCKO',null,null,'KO','CITY0001');
insert into lettclevelcode(CODE_ID,CODE,CODE_NM,CODE_DC,USE_AT,FRST_REGIST_PNTTM,FRST_REGISTER_ID,LAST_UPDT_PNTTM,LAST_UPDUSR_ID,LOCALE,UPPER_CODE) values ('CITY_TC','CITY00010024','중구','도시구분코드','Y','2013-04-12 10:20:20','WISCKO',null,null,'KO','CITY0001');
insert into lettclevelcode(CODE_ID,CODE,CODE_NM,CODE_DC,USE_AT,FRST_REGIST_PNTTM,FRST_REGISTER_ID,LAST_UPDT_PNTTM,LAST_UPDUSR_ID,LOCALE,UPPER_CODE) values ('CITY_TC','CITY00010025','중랑구','도시구분코드','Y','2013-04-12 10:20:20','WISCKO',null,null,'KO','CITY0001');

insert into LETTNORGNZTINFO(ORGNZT_ID,ORGNZT_NM,ORGNZT_DC) values ('ORGNZT_0000000000000','위드미어학원','위드미어학원');


# 그룹정보
insert into LETTNAUTHORGROUPINFO(GROUP_ID,GROUP_NM,GROUP_CREAT_DE,GROUP_DC) values ('GROUP_00000000000000','관리자그룹','2011-08-02 21:01:59','관리자그룹');


# 권한정보
insert into LETTNAUTHORINFO(AUTHOR_CODE,AUTHOR_NM,AUTHOR_DC,AUTHOR_CREAT_DE) values ('ROLE_ADMIN','관리자','관리자','2011-08-11 15:31:59');
insert into LETTNAUTHORINFO(AUTHOR_CODE,AUTHOR_NM,AUTHOR_DC,AUTHOR_CREAT_DE) values ('ROLE_ANONYMOUS','오픈기능','오픈기능','2011-08-11 15:31:59');
insert into LETTNAUTHORINFO(AUTHOR_CODE,AUTHOR_NM,AUTHOR_DC,AUTHOR_CREAT_DE) values ('ROLE_USER_MEMBER','담당자','회원','2011-08-11 15:31:59');


# 권한(롤)계층정보
insert into LETTNROLES_HIERARCHY(PARNTS_ROLE,CHLDRN_ROLE) values ('ROLE_USER_MEMBER','ROLE_ADMIN');
insert into LETTNROLES_HIERARCHY(PARNTS_ROLE,CHLDRN_ROLE) values ('ROLE_ANONYMOUS','ROLE_USER_MEMBER');


# 롤정보
insert into LETTNROLEINFO(ROLE_CODE,ROLE_NM,ROLE_PTTRN,ROLE_DC,ROLE_TY,ROLE_SORT,ROLE_CREAT_DE) values ('cmm-uss-umt','cmm-uss-umt','/cmm/uss/umt/.*.do.*','아이디중복확인','url','1','2011-08-24 0:00');
insert into LETTNROLEINFO(ROLE_CODE,ROLE_NM,ROLE_PTTRN,ROLE_DC,ROLE_TY,ROLE_SORT,ROLE_CREAT_DE) values ('cop-bbs','cop-bbs','/cop/bbs/.*.do.*','게시판','url','2','2011-08-24 0:00');
insert into LETTNROLEINFO(ROLE_CODE,ROLE_NM,ROLE_PTTRN,ROLE_DC,ROLE_TY,ROLE_SORT,ROLE_CREAT_DE) values ('cop-com','cop-com','/cop/com/.*.do.*','게시판사용','url','3','2011-08-24 0:00');
insert into LETTNROLEINFO(ROLE_CODE,ROLE_NM,ROLE_PTTRN,ROLE_DC,ROLE_TY,ROLE_SORT,ROLE_CREAT_DE) values ('sec-gmt','sec-gmt','/sec/gmt/.*.do.*','그룹관리','url','4','2011-08-24 0:00');
insert into LETTNROLEINFO(ROLE_CODE,ROLE_NM,ROLE_PTTRN,ROLE_DC,ROLE_TY,ROLE_SORT,ROLE_CREAT_DE) values ('sec-ram','sec-ram','/sec/ram/.*.do.*','권한관리','url','5','2011-08-24 0:00');
insert into LETTNROLEINFO(ROLE_CODE,ROLE_NM,ROLE_PTTRN,ROLE_DC,ROLE_TY,ROLE_SORT,ROLE_CREAT_DE) values ('sec-rgm','sec-rgm','/sec/rgm/.*.do.*','권한그룹관리','url','6','2011-08-24 0:00');
insert into LETTNROLEINFO(ROLE_CODE,ROLE_NM,ROLE_PTTRN,ROLE_DC,ROLE_TY,ROLE_SORT,ROLE_CREAT_DE) values ('sec-rmt','sec-rmt','/sec/rmt/.*.do.*','롤관리','url','7','2011-08-24 0:00');
insert into LETTNROLEINFO(ROLE_CODE,ROLE_NM,ROLE_PTTRN,ROLE_DC,ROLE_TY,ROLE_SORT,ROLE_CREAT_DE) values ('uss-ion-bnr','uss-ion-bnr','/uss/ion/bnr/.*.do.*','배너관리','url','8','2011-08-24 0:00');
insert into LETTNROLEINFO(ROLE_CODE,ROLE_NM,ROLE_PTTRN,ROLE_DC,ROLE_TY,ROLE_SORT,ROLE_CREAT_DE) values ('uss-olh-faq','uss-olh-faq','/uss/olh/faq/.*.do.*','FAQ','url','9','2011-08-24 0:00');
insert into LETTNROLEINFO(ROLE_CODE,ROLE_NM,ROLE_PTTRN,ROLE_DC,ROLE_TY,ROLE_SORT,ROLE_CREAT_DE) values ('uss-olh-qna','uss-olh-qna','/uss/olh/qna/.*.do.*','QnA','url','10','2011-08-24 0:00');
insert into LETTNROLEINFO(ROLE_CODE,ROLE_NM,ROLE_PTTRN,ROLE_DC,ROLE_TY,ROLE_SORT,ROLE_CREAT_DE) values ('uss-olh-qnm','uss-olh-qnm','/uss/olh/qnm/.*.do.*','QnA답변','url','11','2011-08-24 0:00');
insert into LETTNROLEINFO(ROLE_CODE,ROLE_NM,ROLE_PTTRN,ROLE_DC,ROLE_TY,ROLE_SORT,ROLE_CREAT_DE) values ('uss-olp-qim','uss-olp-qim','/uss/olp/qim/.*.do.*','항목관리','url','12','2011-08-24 0:00');
insert into LETTNROLEINFO(ROLE_CODE,ROLE_NM,ROLE_PTTRN,ROLE_DC,ROLE_TY,ROLE_SORT,ROLE_CREAT_DE) values ('uss-olp-qmc','uss-olp-qmc','/uss/olp/qmc/.*.do.*','설문관리','url','13','2011-08-24 0:00');
insert into LETTNROLEINFO(ROLE_CODE,ROLE_NM,ROLE_PTTRN,ROLE_DC,ROLE_TY,ROLE_SORT,ROLE_CREAT_DE) values ('uss-olp-qnn','uss-olp-qnn','/uss/olp/qnn/.*.do.*','설문참여','url','14','2011-08-24 0:00');
insert into LETTNROLEINFO(ROLE_CODE,ROLE_NM,ROLE_PTTRN,ROLE_DC,ROLE_TY,ROLE_SORT,ROLE_CREAT_DE) values ('uss-olp-qqm','uss-olp-qqm','/uss/olp/qqm/.*.do.*','문항관리','url','15','2011-08-24 0:00');
insert into LETTNROLEINFO(ROLE_CODE,ROLE_NM,ROLE_PTTRN,ROLE_DC,ROLE_TY,ROLE_SORT,ROLE_CREAT_DE) values ('uss-olp-qri','uss-olp-qri','/uss/olp/qri/.*.do.*','설문조사','url','16','2011-08-24 0:00');
insert into LETTNROLEINFO(ROLE_CODE,ROLE_NM,ROLE_PTTRN,ROLE_DC,ROLE_TY,ROLE_SORT,ROLE_CREAT_DE) values ('uss-olp-qrm','uss-olp-qrm','/uss/olp/qrm/.*.do.*','응답자관리','url','17','2011-08-24 0:00');
insert into LETTNROLEINFO(ROLE_CODE,ROLE_NM,ROLE_PTTRN,ROLE_DC,ROLE_TY,ROLE_SORT,ROLE_CREAT_DE) values ('uss-olp-qtm','uss-olp-qtm','/uss/olp/qtm/.*.do.*','설문템플릿','url','18','2011-08-24 0:00');
insert into LETTNROLEINFO(ROLE_CODE,ROLE_NM,ROLE_PTTRN,ROLE_DC,ROLE_TY,ROLE_SORT,ROLE_CREAT_DE) values ('uss-sam-ipm','uss-sam-ipm','/uss/sam/ipm/.*.do.*','개인정보보호정책','url','19','2011-08-24 0:00');
insert into LETTNROLEINFO(ROLE_CODE,ROLE_NM,ROLE_PTTRN,ROLE_DC,ROLE_TY,ROLE_SORT,ROLE_CREAT_DE) values ('uss-sam-stp','uss-sam-stp','/uss/sam/stp/.*.do.*','약관','url','20','2011-08-24 0:00');
insert into LETTNROLEINFO(ROLE_CODE,ROLE_NM,ROLE_PTTRN,ROLE_DC,ROLE_TY,ROLE_SORT,ROLE_CREAT_DE) values ('uss-umt-cmm','uss-umt-cmm','/uss/umt/cmm/.*.do.*','일반회원가입신청','url','21','2011-08-24 0:00');
insert into LETTNROLEINFO(ROLE_CODE,ROLE_NM,ROLE_PTTRN,ROLE_DC,ROLE_TY,ROLE_SORT,ROLE_CREAT_DE) values ('uss-umt-mber','uss-umt-mber','/uss/umt/mber/.*.do.*','일반회원관리','url','22','2011-08-24 0:00');


# 권한별 롤
insert into LETTNAUTHORROLERELATE(AUTHOR_CODE,ROLE_CODE,CREAT_DT) values ('ROLE_ADMIN','cmm-uss-umt','2009-08-25 00:00:00');
insert into LETTNAUTHORROLERELATE(AUTHOR_CODE,ROLE_CODE,CREAT_DT) values ('ROLE_ADMIN','sec-gmt','2009-08-25 00:00:00');
insert into LETTNAUTHORROLERELATE(AUTHOR_CODE,ROLE_CODE,CREAT_DT) values ('ROLE_ADMIN','sec-ram','2009-08-25 00:00:00');
insert into LETTNAUTHORROLERELATE(AUTHOR_CODE,ROLE_CODE,CREAT_DT) values ('ROLE_ADMIN','sec-rgm','2009-08-25 00:00:00');
insert into LETTNAUTHORROLERELATE(AUTHOR_CODE,ROLE_CODE,CREAT_DT) values ('ROLE_ADMIN','sec-rmt','2009-08-25 00:00:00');
insert into LETTNAUTHORROLERELATE(AUTHOR_CODE,ROLE_CODE,CREAT_DT) values ('ROLE_ADMIN','uss-umt-mber','2009-08-25 00:00:00');
insert into LETTNAUTHORROLERELATE(AUTHOR_CODE,ROLE_CODE,CREAT_DT) values ('ROLE_ANONYMOUS','cop-bbs','2009-08-25 00:00:00');
insert into LETTNAUTHORROLERELATE(AUTHOR_CODE,ROLE_CODE,CREAT_DT) values ('ROLE_ANONYMOUS','uss-olh-faq','2009-08-25 00:00:00');
insert into LETTNAUTHORROLERELATE(AUTHOR_CODE,ROLE_CODE,CREAT_DT) values ('ROLE_ANONYMOUS','uss-olh-qna','2009-08-25 00:00:00');
insert into LETTNAUTHORROLERELATE(AUTHOR_CODE,ROLE_CODE,CREAT_DT) values ('ROLE_ANONYMOUS','uss-olp-qnn','2009-08-25 00:00:00');
insert into LETTNAUTHORROLERELATE(AUTHOR_CODE,ROLE_CODE,CREAT_DT) values ('ROLE_ANONYMOUS','uss-umt-cmm','2009-08-25 00:00:00');
insert into LETTNAUTHORROLERELATE(AUTHOR_CODE,ROLE_CODE,CREAT_DT) values ('ROLE_USER_MEMBER','cop-com','2009-08-25 00:00:00');
insert into LETTNAUTHORROLERELATE(AUTHOR_CODE,ROLE_CODE,CREAT_DT) values ('ROLE_USER_MEMBER','uss-ion-bnr','2009-08-25 00:00:00');
insert into LETTNAUTHORROLERELATE(AUTHOR_CODE,ROLE_CODE,CREAT_DT) values ('ROLE_USER_MEMBER','uss-olh-qnm','2009-08-25 00:00:00');
insert into LETTNAUTHORROLERELATE(AUTHOR_CODE,ROLE_CODE,CREAT_DT) values ('ROLE_USER_MEMBER','uss-olp-qim','2009-08-25 00:00:00');
insert into LETTNAUTHORROLERELATE(AUTHOR_CODE,ROLE_CODE,CREAT_DT) values ('ROLE_USER_MEMBER','uss-olp-qmc','2009-08-25 00:00:00');
insert into LETTNAUTHORROLERELATE(AUTHOR_CODE,ROLE_CODE,CREAT_DT) values ('ROLE_USER_MEMBER','uss-olp-qqm','2009-08-25 00:00:00');
insert into LETTNAUTHORROLERELATE(AUTHOR_CODE,ROLE_CODE,CREAT_DT) values ('ROLE_USER_MEMBER','uss-olp-qri','2009-08-25 00:00:00');
insert into LETTNAUTHORROLERELATE(AUTHOR_CODE,ROLE_CODE,CREAT_DT) values ('ROLE_USER_MEMBER','uss-olp-qrm','2009-08-25 00:00:00');
insert into LETTNAUTHORROLERELATE(AUTHOR_CODE,ROLE_CODE,CREAT_DT) values ('ROLE_USER_MEMBER','uss-olp-qtm','2009-08-25 00:00:00');
insert into LETTNAUTHORROLERELATE(AUTHOR_CODE,ROLE_CODE,CREAT_DT) values ('ROLE_USER_MEMBER','uss-sam-ipm','2009-08-25 00:00:00');
insert into LETTNAUTHORROLERELATE(AUTHOR_CODE,ROLE_CODE,CREAT_DT) values ('ROLE_USER_MEMBER','uss-sam-stp','2009-08-25 00:00:00');


# 사용자(회원)정보
insert into LETTNGNRLMBER(MBER_ID,PASSWORD,PASSWORD_HINT,PASSWORD_CNSR,IHIDNUM,MBER_NM,ZIP,ADRES,AREA_NO,MBER_STTUS,DETAIL_ADRES,END_TELNO,MBTLNUM,GROUP_ID,MBER_FXNUM,MBER_EMAIL_ADRES,MIDDLE_TELNO,SBSCRB_DE,SEXDSTN_CODE,ESNTL_ID) values ('admin','ayTleQFHxNC3w7uYqShXwsmeDkg8h4fyOYKzG3f0zSA=','P01','123','','관리자','','','','P','','','','GROUP_00000000000000','','','','2011-08-11 19:33:42','','USRCNFRM_00000000000');
insert into LETTNGNRLMBER(MBER_ID,PASSWORD,PASSWORD_HINT,PASSWORD_CNSR,IHIDNUM,MBER_NM,ZIP,ADRES,AREA_NO,MBER_STTUS,DETAIL_ADRES,END_TELNO,MBTLNUM,GROUP_ID,MBER_FXNUM,MBER_EMAIL_ADRES,MIDDLE_TELNO,SBSCRB_DE,SEXDSTN_CODE,ESNTL_ID) values ('user01','ayTleQFHxNC3w7uYqShXwsmeDkg8h4fyOYKzG3f0zSA=','P01','123','','테스트회원','','','','P','','','','GROUP_00000000000000','','','','2011-08-24 14:35:51','','USRCNFRM_00000000001');


# 사용자별권한설정
insert into LETTNEMPLYRSCRTYESTBS(SCRTY_DTRMN_TRGET_ID,MBER_TY_CODE,AUTHOR_CODE) values ('USRCNFRM_00000000000','GNR','ROLE_ADMIN');
insert into LETTNEMPLYRSCRTYESTBS(SCRTY_DTRMN_TRGET_ID,MBER_TY_CODE,AUTHOR_CODE) values ('USRCNFRM_00000000001','GNR','ROLE_USER_MEMBER');


# 게시판템플릿
insert into LETTNTMPLATINFO(TMPLAT_ID,TMPLAT_NM,TMPLAT_COURS,USE_AT,TMPLAT_SE_CODE,FRST_REGISTER_ID,FRST_REGIST_PNTTM,LAST_UPDUSR_ID,LAST_UPDT_PNTTM) values ('TMPLAT_BOARD_DEFAULT','게시판 기본템플릿','/css/egovframework/cop/bbs/egovbbsTemplate.css','Y','TMPT01','USRCNFRM_00000000000','2011-08-02 21:01:59','USRCNFRM_00000000000','2011-08-08 16:12:57');


# 게시판마스터
insert into LETTNBBSMASTER(BBS_ID,BBS_NM,BBS_INTRCN,BBS_TY_CODE,BBS_ATTRB_CODE,REPLY_POSBL_AT,FILE_ATCH_POSBL_AT,ATCH_POSBL_FILE_NUMBER,ATCH_POSBL_FILE_SIZE,USE_AT,TMPLAT_ID,FRST_REGISTER_ID,FRST_REGIST_PNTTM,LAST_UPDUSR_ID,LAST_UPDT_PNTTM) values ('BBSMSTR_AAAAAAAAAAAA','공지사항','공지사항게시판','BBST03','BBSA03','Y','Y',2,5242880,'Y','TMPLAT_BOARD_DEFAULT','USRCNFRM_00000000000','2011-08-31 12:00:00','USRCNFRM_00000000000','2011-08-31 12:00:00');
insert into LETTNBBSMASTER(BBS_ID,BBS_NM,BBS_INTRCN,BBS_TY_CODE,BBS_ATTRB_CODE,REPLY_POSBL_AT,FILE_ATCH_POSBL_AT,ATCH_POSBL_FILE_NUMBER,ATCH_POSBL_FILE_SIZE,USE_AT,TMPLAT_ID,FRST_REGISTER_ID,FRST_REGIST_PNTTM,LAST_UPDUSR_ID,LAST_UPDT_PNTTM) values ('BBSMSTR_BBBBBBBBBBBB','자유게시판','자유게시판(갤러리 게시판)','BBST01','BBSA02','Y','Y',2,5242880,'Y','TMPLAT_BOARD_DEFAULT','USRCNFRM_00000000000','2011-08-31 12:00:00','USRCNFRM_00000000000','2011-09-16 15:55:19');
insert into LETTNBBSMASTER(BBS_ID,BBS_NM,BBS_INTRCN,BBS_TY_CODE,BBS_ATTRB_CODE,REPLY_POSBL_AT,FILE_ATCH_POSBL_AT,ATCH_POSBL_FILE_NUMBER,ATCH_POSBL_FILE_SIZE,USE_AT,TMPLAT_ID,FRST_REGISTER_ID,FRST_REGIST_PNTTM,LAST_UPDUSR_ID,LAST_UPDT_PNTTM) values ('BBSMSTR_CCCCCCCCCCCC','자료실','자료실게시판','BBST01','BBSA03','Y','Y',2,5242880,'Y','TMPLAT_BOARD_DEFAULT','USRCNFRM_00000000000','2011-08-31 12:00:00','USRCNFRM_00000000000','2011-08-31 12:00:00');


# 게시판사용
insert into LETTNBBSUSE(BBS_ID,TRGET_ID,USE_AT,REGIST_SE_CODE,FRST_REGIST_PNTTM,FRST_REGISTER_ID,LAST_UPDT_PNTTM,LAST_UPDUSR_ID) values ('BBSMSTR_AAAAAAAAAAAA','SYSTEM_DEFAULT_BOARD','Y','REGC01','2011-08-31 12:00:00','USRCNFRM_00000000000','2011-09-05 18:15:31','');
insert into LETTNBBSUSE(BBS_ID,TRGET_ID,USE_AT,REGIST_SE_CODE,FRST_REGIST_PNTTM,FRST_REGISTER_ID,LAST_UPDT_PNTTM,LAST_UPDUSR_ID) values ('BBSMSTR_BBBBBBBBBBBB','SYSTEM_DEFAULT_BOARD','Y','REGC01','2011-08-31 12:00:00','USRCNFRM_00000000000','2011-08-31 12:00:00','USRCNFRM_00000000000');
insert into LETTNBBSUSE(BBS_ID,TRGET_ID,USE_AT,REGIST_SE_CODE,FRST_REGIST_PNTTM,FRST_REGISTER_ID,LAST_UPDT_PNTTM,LAST_UPDUSR_ID) values ('BBSMSTR_CCCCCCCCCCCC','SYSTEM_DEFAULT_BOARD','Y','REGC01','2011-08-31 12:00:00','USRCNFRM_00000000000','2011-08-31 12:00:00','USRCNFRM_00000000000');


#프로그램목록
insert into LETTNPROGRMLIST(LOCALE,PROGRM_FILE_NM,PROGRM_STRE_PATH,PROGRM_KOREAN_NM,PROGRM_DC,URL) values ('KO', 'dir','/','디렉토리','디렉토리','');
insert into LETTNPROGRMLIST(LOCALE,PROGRM_FILE_NM,PROGRM_STRE_PATH,PROGRM_KOREAN_NM,PROGRM_DC,URL) values ('KO', 'EgovAuthorGroupManage','/sec/rgm/','권한그룹관리','권한그룹관리','/sec/rgm/EgovAuthorGroupInsert.do');
insert into LETTNPROGRMLIST(LOCALE,PROGRM_FILE_NM,PROGRM_STRE_PATH,PROGRM_KOREAN_NM,PROGRM_DC,URL) values ('KO', 'EgovAuthorInsert','/sec/ram/','권한등록','권한등록','/sec/ram/EgovAuthorInsertView.do');
insert into LETTNPROGRMLIST(LOCALE,PROGRM_FILE_NM,PROGRM_STRE_PATH,PROGRM_KOREAN_NM,PROGRM_DC,URL) values ('KO', 'EgovAuthorManage','/sec/ram/','권한관리','권한관리','/sec/ram/EgovAuthorList.do');
insert into LETTNPROGRMLIST(LOCALE,PROGRM_FILE_NM,PROGRM_STRE_PATH,PROGRM_KOREAN_NM,PROGRM_DC,URL) values ('KO', 'EgovAuthorRoleManage','/sec/ram/','권한 롤 관리','권한 롤 관리','/sec/rgm/EgovAuthorGroupListView.do');
insert into LETTNPROGRMLIST(LOCALE,PROGRM_FILE_NM,PROGRM_STRE_PATH,PROGRM_KOREAN_NM,PROGRM_DC,URL) values ('KO', 'EgovAuthorUpdt','/sec/ram/','권한수정','권한수정','/sec/ram/EgovAuthor.do');
insert into LETTNPROGRMLIST(LOCALE,PROGRM_FILE_NM,PROGRM_STRE_PATH,PROGRM_KOREAN_NM,PROGRM_DC,URL) values ('KO', 'EgovBoardMstrList','/cop/bbs/','게시판 목록조회','게시판 목록조회','/cop/bbs/SelectBBSMasterInfs.do');
insert into LETTNPROGRMLIST(LOCALE,PROGRM_FILE_NM,PROGRM_STRE_PATH,PROGRM_KOREAN_NM,PROGRM_DC,URL) values ('KO', 'EgovBoardMstrRegist','/cop/bbs/','게시판 생성','게시판 생성','/cop/bbs/addBBSMaster.do');
insert into LETTNPROGRMLIST(LOCALE,PROGRM_FILE_NM,PROGRM_STRE_PATH,PROGRM_KOREAN_NM,PROGRM_DC,URL) values ('KO', 'EgovBoardMstrUpdt','/cop/bbs/','게시판 수정','게시판 수정','/cop/bbs/SelectBBSMasterInf.do');
insert into LETTNPROGRMLIST(LOCALE,PROGRM_FILE_NM,PROGRM_STRE_PATH,PROGRM_KOREAN_NM,PROGRM_DC,URL) values ('KO', 'EgovBoardUseInfInqire','/cop/com/','게시판사용여부 상세조회','게시판사용여부 상세조회','/cop/com/selectBBSUseInf.do');
insert into LETTNPROGRMLIST(LOCALE,PROGRM_FILE_NM,PROGRM_STRE_PATH,PROGRM_KOREAN_NM,PROGRM_DC,URL) values ('KO', 'EgovBoardUseInfList','/cop/com/','게시판사용여부 목록 조회','게시판사용여부 목록 조회','/cop/com/selectBBSUseInfs.do');
insert into LETTNPROGRMLIST(LOCALE,PROGRM_FILE_NM,PROGRM_STRE_PATH,PROGRM_KOREAN_NM,PROGRM_DC,URL) values ('KO', 'EgovBoardUseInfRegist','/cop/com/','게시판사용여부 등록','게시판사용여부 등록','/cop/com/addBBSUseInf.do');
insert into LETTNPROGRMLIST(LOCALE,PROGRM_FILE_NM,PROGRM_STRE_PATH,PROGRM_KOREAN_NM,PROGRM_DC,URL) values ('KO', 'EgovFaqCnRegist','/uss/olh/faq/','FAQ내용등록','FAQ내용등록','/uss/olh/faq/FaqCnRegistView.do');
insert into LETTNPROGRMLIST(LOCALE,PROGRM_FILE_NM,PROGRM_STRE_PATH,PROGRM_KOREAN_NM,PROGRM_DC,URL) values ('KO', 'EgovFaqCnUpdt','/uss/olh/faq/','FAQ내용수정','FAQ내용수정','/uss/olh/faq/FaqCnUpdtView.do');
insert into LETTNPROGRMLIST(LOCALE,PROGRM_FILE_NM,PROGRM_STRE_PATH,PROGRM_KOREAN_NM,PROGRM_DC,URL) values ('KO', 'EgovFaqDetailInqire','/uss/olh/faq/','FAQ상세조회','FAQ상세조회','/uss/olh/faq/FaqInqireCoUpdt.do');
insert into LETTNPROGRMLIST(LOCALE,PROGRM_FILE_NM,PROGRM_STRE_PATH,PROGRM_KOREAN_NM,PROGRM_DC,URL) values ('KO', 'EgovFaqListInqire','/uss/olh/faq/','FAQ목록조회','FAQ목록조회','/uss/olh/faq/FaqListInqire.do');
insert into LETTNPROGRMLIST(LOCALE,PROGRM_FILE_NM,PROGRM_STRE_PATH,PROGRM_KOREAN_NM,PROGRM_DC,URL) values ('KO', 'EgovGroupInsert','/sec/gmt/','그룹등록','그룹등록','/sec/gmt/EgovGroupInsertView.do');
insert into LETTNPROGRMLIST(LOCALE,PROGRM_FILE_NM,PROGRM_STRE_PATH,PROGRM_KOREAN_NM,PROGRM_DC,URL) values ('KO', 'EgovGroupManage','/sec/gmt/','그룹관리','그룹관리','/sec/gmt/EgovGroupList.do');
insert into LETTNPROGRMLIST(LOCALE,PROGRM_FILE_NM,PROGRM_STRE_PATH,PROGRM_KOREAN_NM,PROGRM_DC,URL) values ('KO', 'EgovGroupUpdt','/sec/gmt/','그룹수정','그룹수정','/sec/gmt/EgovGroup.do');
insert into LETTNPROGRMLIST(LOCALE,PROGRM_FILE_NM,PROGRM_STRE_PATH,PROGRM_KOREAN_NM,PROGRM_DC,URL) values ('KO', 'EgovIdDplctCnfirm','/cmm/uss/umt/','아이디중복확인','아이디중복확인','/cmm/uss/umt/EgovIdDplctCnfirm.do');
insert into LETTNPROGRMLIST(LOCALE,PROGRM_FILE_NM,PROGRM_STRE_PATH,PROGRM_KOREAN_NM,PROGRM_DC,URL) values ('KO', 'EgovIndvdlInfoPolicyDetail','/uss/sam/ipm/','개인정보보호정책 상세조회','개인정보보호정책 상세조회','/uss/sam/ipm/detailIndvdlInfoPolicy.do');
insert into LETTNPROGRMLIST(LOCALE,PROGRM_FILE_NM,PROGRM_STRE_PATH,PROGRM_KOREAN_NM,PROGRM_DC,URL) values ('KO', 'EgovIndvdlInfoPolicyList','/uss/sam/ipm/','개인정보보호정책 목록조회','개인정보보호정책 목록조회','/uss/sam/ipm/listIndvdlInfoPolicy.do');
insert into LETTNPROGRMLIST(LOCALE,PROGRM_FILE_NM,PROGRM_STRE_PATH,PROGRM_KOREAN_NM,PROGRM_DC,URL) values ('KO', 'EgovIndvdlInfoPolicyRegist','/uss/sam/ipm/','개인정보보호정책 등록','개인정보보호정책 등록','/uss/sam/ipm/registIndvdlInfoPolicy.do');
insert into LETTNPROGRMLIST(LOCALE,PROGRM_FILE_NM,PROGRM_STRE_PATH,PROGRM_KOREAN_NM,PROGRM_DC,URL) values ('KO', 'EgovIndvdlInfoPolicyUpdt','/uss/sam/ipm/','개인정보보호정책 수정','개인정보보호정책 수정','/uss/sam/ipm/updtIndvdlInfoPolicy.do');
insert into LETTNPROGRMLIST(LOCALE,PROGRM_FILE_NM,PROGRM_STRE_PATH,PROGRM_KOREAN_NM,PROGRM_DC,URL) values ('KO', 'EgovInfoFree','/cop/bbs/','자유게시판','자유게시판','/cop/bbs/selectBoardList.do?bbsId=BBSMSTR_BBBBBBBBBBBB');
insert into LETTNPROGRMLIST(LOCALE,PROGRM_FILE_NM,PROGRM_STRE_PATH,PROGRM_KOREAN_NM,PROGRM_DC,URL) values ('KO', 'EgovInfoFreeAdmin','/cop/bbs/','자유게시판','자유게시판','/cop/bbs/selectBoardList.do?bbsId=BBSMSTR_BBBBBBBBBBBB');
insert into LETTNPROGRMLIST(LOCALE,PROGRM_FILE_NM,PROGRM_STRE_PATH,PROGRM_KOREAN_NM,PROGRM_DC,URL) values ('KO', 'EgovInfoNotice','/cop/bbs/','공지사항','공지사항','/cop/bbs/selectBoardList.do?bbsId=BBSMSTR_AAAAAAAAAAAA');
insert into LETTNPROGRMLIST(LOCALE,PROGRM_FILE_NM,PROGRM_STRE_PATH,PROGRM_KOREAN_NM,PROGRM_DC,URL) values ('KO', 'EgovInfoNoticeAdmin','/cop/bbs/','공지사항','공지사항','/cop/bbs/selectBoardList.do?bbsId=BBSMSTR_AAAAAAAAAAAA');
insert into LETTNPROGRMLIST(LOCALE,PROGRM_FILE_NM,PROGRM_STRE_PATH,PROGRM_KOREAN_NM,PROGRM_DC,URL) values ('KO', 'EgovLoginUsr','','포털사이트 로그인','포털사이트 로그인','/uat/uia/egovLoginUsr.do');
insert into LETTNPROGRMLIST(LOCALE,PROGRM_FILE_NM,PROGRM_STRE_PATH,PROGRM_KOREAN_NM,PROGRM_DC,URL) values ('KO', 'EgovMainHome','','포털사이트 메인','포털사이트 메인','');
insert into LETTNPROGRMLIST(LOCALE,PROGRM_FILE_NM,PROGRM_STRE_PATH,PROGRM_KOREAN_NM,PROGRM_DC,URL) values ('KO', 'EgovMberInsert','/uss/umt/mber/','일반회원등록','일반회원등록','/uss/umt/mber/EgovMberInsertView.do');
insert into LETTNPROGRMLIST(LOCALE,PROGRM_FILE_NM,PROGRM_STRE_PATH,PROGRM_KOREAN_NM,PROGRM_DC,URL) values ('KO', 'EgovMberManage','/uss/umt/mber/','일반회원관리(조회,삭제)','일반회원관리(조회,삭제)','/uss/umt/mber/EgovMberManage.do');
insert into LETTNPROGRMLIST(LOCALE,PROGRM_FILE_NM,PROGRM_STRE_PATH,PROGRM_KOREAN_NM,PROGRM_DC,URL) values ('KO', 'EgovMberPasswordUpdt','/uss/umt/mber/','일반회원암호수정','일반회원암호수정','/uss/umt/mber/EgovMberPasswordUpdtView.do');
insert into LETTNPROGRMLIST(LOCALE,PROGRM_FILE_NM,PROGRM_STRE_PATH,PROGRM_KOREAN_NM,PROGRM_DC,URL) values ('KO', 'EgovMberSbscrb','/uss/umt/cmm/','일반회원가입신청','일반회원가입신청','/uss/umt/cmm/EgovMberSbscrbView.do');
insert into LETTNPROGRMLIST(LOCALE,PROGRM_FILE_NM,PROGRM_STRE_PATH,PROGRM_KOREAN_NM,PROGRM_DC,URL) values ('KO', 'EgovMberSelectUpdt','/uss/umt/mber/','일반회원상세조회,수정','일반회원상세조회,수정','/uss/umt/mber/EgovMberSelectUpdtView.do');
insert into LETTNPROGRMLIST(LOCALE,PROGRM_FILE_NM,PROGRM_STRE_PATH,PROGRM_KOREAN_NM,PROGRM_DC,URL) values ('KO', 'EgovNoticeInqire','/cop/bbs/','게시물조회','게시물조회','/cop/bbs/selectBoardArticle.do');
insert into LETTNPROGRMLIST(LOCALE,PROGRM_FILE_NM,PROGRM_STRE_PATH,PROGRM_KOREAN_NM,PROGRM_DC,URL) values ('KO', 'EgovNoticeList','/cop/bbs/','게시물 목록','게시물 목록','/cop/bbs/selectBoardList.do');
insert into LETTNPROGRMLIST(LOCALE,PROGRM_FILE_NM,PROGRM_STRE_PATH,PROGRM_KOREAN_NM,PROGRM_DC,URL) values ('KO', 'EgovNoticeRegist','/cop/bbs/','게시물 등록','게시물 등록','/cop/bbs/addBoardArticle.do');
insert into LETTNPROGRMLIST(LOCALE,PROGRM_FILE_NM,PROGRM_STRE_PATH,PROGRM_KOREAN_NM,PROGRM_DC,URL) values ('KO', 'EgovNoticeReply','/cop/bbs/','답글 작성','답글 작성','/cop/bbs/addReplyBoardArticle.do');
insert into LETTNPROGRMLIST(LOCALE,PROGRM_FILE_NM,PROGRM_STRE_PATH,PROGRM_KOREAN_NM,PROGRM_DC,URL) values ('KO', 'EgovNoticeUpdt','/cop/bbs/','게시물 수정','게시물 수정','/cop/bbs/forUpdateBoardArticle.do');
insert into LETTNPROGRMLIST(LOCALE,PROGRM_FILE_NM,PROGRM_STRE_PATH,PROGRM_KOREAN_NM,PROGRM_DC,URL) values ('KO', 'EgovQnaAnswerDetailInqire','/uss/olh/qnm/','QnA답변상세조회','QnA답변상세조회','/uss/olh/qnm/QnaAnswerDetailInqire.do');
insert into LETTNPROGRMLIST(LOCALE,PROGRM_FILE_NM,PROGRM_STRE_PATH,PROGRM_KOREAN_NM,PROGRM_DC,URL) values ('KO', 'EgovQnaAnswerListInqire','/uss/olh/qnm/','QnA답변목록조회','QnA답변목록조회','/uss/olh/qnm/QnaAnswerListInqire.do');
insert into LETTNPROGRMLIST(LOCALE,PROGRM_FILE_NM,PROGRM_STRE_PATH,PROGRM_KOREAN_NM,PROGRM_DC,URL) values ('KO', 'EgovQnaCnAnswerUpdt','/uss/olh/qnm/','QnA내용답변수정','QnA내용답변수정','/uss/olh/qnm/QnaCnAnswerUpdtView.do');
insert into LETTNPROGRMLIST(LOCALE,PROGRM_FILE_NM,PROGRM_STRE_PATH,PROGRM_KOREAN_NM,PROGRM_DC,URL) values ('KO', 'EgovQnaCnRegist','/uss/olh/qna/','QnA내용등록','QnA내용등록','/uss/olh/qna/QnaCnRegistView.do');
insert into LETTNPROGRMLIST(LOCALE,PROGRM_FILE_NM,PROGRM_STRE_PATH,PROGRM_KOREAN_NM,PROGRM_DC,URL) values ('KO', 'EgovQnaCnUpdt','/uss/olh/qna/','QnA내용수정','QnA내용수정','/uss/olh/qna/QnaInqireCoUpdt.do');
insert into LETTNPROGRMLIST(LOCALE,PROGRM_FILE_NM,PROGRM_STRE_PATH,PROGRM_KOREAN_NM,PROGRM_DC,URL) values ('KO', 'EgovQnaDetailInqire','/uss/olh/qna/','QnA상세조회','QnA상세조회','/uss/olh/qna/QnaInqireCoUpdt.do');
insert into LETTNPROGRMLIST(LOCALE,PROGRM_FILE_NM,PROGRM_STRE_PATH,PROGRM_KOREAN_NM,PROGRM_DC,URL) values ('KO', 'EgovQnaListInqire','/uss/olh/qna/','QnA목록조회','QnA목록조회','/uss/olh/qna/QnaListInqire.do');
insert into LETTNPROGRMLIST(LOCALE,PROGRM_FILE_NM,PROGRM_STRE_PATH,PROGRM_KOREAN_NM,PROGRM_DC,URL) values ('KO', 'EgovQnaPasswordConfirm','/uss/olh/qna/','QnA작성비밀번호 확인','QnA작성비밀번호 확인','/uss/olh/qna/EgovQnaPasswordConfirm.do');
insert into LETTNPROGRMLIST(LOCALE,PROGRM_FILE_NM,PROGRM_STRE_PATH,PROGRM_KOREAN_NM,PROGRM_DC,URL) values ('KO', 'EgovRoleInsert','/sec/rmt/','롤등록','롤등록','/sec/rmt/EgovRoleInsertView.do');
insert into LETTNPROGRMLIST(LOCALE,PROGRM_FILE_NM,PROGRM_STRE_PATH,PROGRM_KOREAN_NM,PROGRM_DC,URL) values ('KO', 'EgovRoleManage','/sec/rmt/','롤관리','롤관리','/sec/rmt/EgovRoleList.do');
insert into LETTNPROGRMLIST(LOCALE,PROGRM_FILE_NM,PROGRM_STRE_PATH,PROGRM_KOREAN_NM,PROGRM_DC,URL) values ('KO', 'EgovRoleUpdt','/sec/rmt/','롤수정','롤수정','/sec/rmt/EgovRole.do');
insert into LETTNPROGRMLIST(LOCALE,PROGRM_FILE_NM,PROGRM_STRE_PATH,PROGRM_KOREAN_NM,PROGRM_DC,URL) values ('KO', 'EgovStplatCnRegist','/uss/sam/stp/','약관내용등록','약관내용등록','/uss/sam/stp/StplatCnRegistView.do');
insert into LETTNPROGRMLIST(LOCALE,PROGRM_FILE_NM,PROGRM_STRE_PATH,PROGRM_KOREAN_NM,PROGRM_DC,URL) values ('KO', 'EgovStplatCnUpdt','/uss/sam/stp/','약관내용수정','약관내용수정','/uss/sam/stp/StplatCnUpdtView.do');
insert into LETTNPROGRMLIST(LOCALE,PROGRM_FILE_NM,PROGRM_STRE_PATH,PROGRM_KOREAN_NM,PROGRM_DC,URL) values ('KO', 'EgovStplatDetailInqire','/uss/sam/stp/','약관상세조회','약관상세조회','/uss/sam/stp/StplatDetailInqire.do');
insert into LETTNPROGRMLIST(LOCALE,PROGRM_FILE_NM,PROGRM_STRE_PATH,PROGRM_KOREAN_NM,PROGRM_DC,URL) values ('KO', 'EgovStplatListInqire','/uss/sam/stp/','약관목록조회','약관목록조회','/uss/sam/stp/StplatListInqire.do');
insert into LETTNPROGRMLIST(LOCALE,PROGRM_FILE_NM,PROGRM_STRE_PATH,PROGRM_KOREAN_NM,PROGRM_DC,URL) values ('KO', 'EgovTemplateInqirePopup','/cop/com/','템플릿 조회팝업','템플릿 조회팝업','/cop/com/EgovTemplateInqirePopup.do');
insert into LETTNPROGRMLIST(LOCALE,PROGRM_FILE_NM,PROGRM_STRE_PATH,PROGRM_KOREAN_NM,PROGRM_DC,URL) values ('KO', 'EgovTemplateList','/cop/com/','템플릿 목록 조회','템플릿 목록 조회','/cop/com/selectTemplateInfs.do');
insert into LETTNPROGRMLIST(LOCALE,PROGRM_FILE_NM,PROGRM_STRE_PATH,PROGRM_KOREAN_NM,PROGRM_DC,URL) values ('KO', 'EgovTemplateRegist','/cop/com/','템플릿 등록','템플릿 등록','/cop/com/addTemplateInf.do');
insert into LETTNPROGRMLIST(LOCALE,PROGRM_FILE_NM,PROGRM_STRE_PATH,PROGRM_KOREAN_NM,PROGRM_DC,URL) values ('KO', 'EgovTemplateUpdt','/cop/com/','템플릿 수정','템플릿 수정','/cop/com/selectTemplateInf.do');
insert into LETTNPROGRMLIST(LOCALE,PROGRM_FILE_NM,PROGRM_STRE_PATH,PROGRM_KOREAN_NM,PROGRM_DC,URL) values ('KO', 'WisckoUnivList','/wiscko/wisckoUniv/','대학교관리','대학교관리','/wiscko/wisckoUniv/WisckoUnivList.do');
insert into LETTNPROGRMLIST(LOCALE,PROGRM_FILE_NM,PROGRM_STRE_PATH,PROGRM_KOREAN_NM,PROGRM_DC,URL) values ('KO', 'WisckoCntnList','/wiscko/wisckoCntn/','컨텐츠관리','컨텐츠관리','/wiscko/wisckoCntn/WisckoCntnList.do');
insert into LETTNPROGRMLIST(LOCALE,PROGRM_FILE_NM,PROGRM_STRE_PATH,PROGRM_KOREAN_NM,PROGRM_DC,URL) values ('KO', 'WisckoCntnView','/wiscko/wisckoCntn/','컨텐츠조회','컨텐츠조회','/wiscko/wisckoCntn/selectWisckoCntnLocaleView.do');
insert into LETTNPROGRMLIST(LOCALE,PROGRM_FILE_NM,PROGRM_STRE_PATH,PROGRM_KOREAN_NM,PROGRM_DC,URL) values ('KO', 'EgovProgramListManageSelect','/sym/prm/','프로그램관리','프로그램관리','/sym/prm/EgovProgramListManageSelect.do');
insert into LETTNPROGRMLIST(LOCALE,PROGRM_FILE_NM,PROGRM_STRE_PATH,PROGRM_KOREAN_NM,PROGRM_DC,URL) values ('KO', 'EgovMenuCreatManageSelect','/sym/mnu/mcm/','메뉴생성관리','메뉴생성관리','/sym/mnu/mcm/EgovMenuCreatManageSelect.do');
insert into LETTNPROGRMLIST(LOCALE,PROGRM_FILE_NM,PROGRM_STRE_PATH,PROGRM_KOREAN_NM,PROGRM_DC,URL) values ('KO', 'EgovMenuListSelect','/sym/mnu/mpm/','메뉴리스트관리','메뉴리스트관리','/sym/mnu/mpm/EgovMenuListSelect.do');




--insert into LETTNPROGRMLIST(PROGRM_FILE_NM,PROGRM_STRE_PATH,PROGRM_KOREAN_NM,PROGRM_DC,URL) values ('EgovSiteAddress','/','찾아오시는 길','찾아오시는 길','/EgovPageLink.do?link=main/sample_menu/EgovAboutSite');
--insert into LETTNPROGRMLIST(PROGRM_FILE_NM,PROGRM_STRE_PATH,PROGRM_KOREAN_NM,PROGRM_DC,URL) values ('EgovSiteHistory','/','연혁','연혁','/EgovPageLink.do?link=main/sample_menu/EgovAboutSite');
--insert into LETTNPROGRMLIST(PROGRM_FILE_NM,PROGRM_STRE_PATH,PROGRM_KOREAN_NM,PROGRM_DC,URL) values ('EgovSiteInfo','/','WISCKO 소개','WISCKO 소개','/cop/bbs/selectMenuArticle.do?bbsId=BBSMSTR_000000000001&nttId=3');
--insert into LETTNPROGRMLIST(PROGRM_FILE_NM,PROGRM_STRE_PATH,PROGRM_KOREAN_NM,PROGRM_DC,URL) values ('EgovSiteOrganization','/','조직소개','조직소개','/EgovPageLink.do?link=main/sample_menu/EgovAboutSite');


--insert into LETTNQUSTNRTMPLAT(QUSTNR_TMPLAT_ID,QUSTNR_TMPLAT_TY,QUSTNR_TMPLAT_DC,QUSTNR_TMPLAT_PATH_NM,FRST_REGIST_PNTTM,FRST_REGISTER_ID,LAST_UPDT_PNTTM,LAST_UPDUSR_ID,QUSTNR_TMPLAT_IMAGE_INFO) values ('QTMPLA_0000000000001','A','A형템플릿','/uss/olp/qri/template/template','2011-10-10 22:14:46','USRCNFRM_00000000000','2011-10-13 18:43:02','USRCNFRM_00000000000',null);

#메뉴목록
insert into LETTNMENUINFO(LOCALE,MENU_NM,PROGRM_FILE_NM,MENU_NO,UPPER_MENU_NO,MENU_ORDR,MENU_DC,RELATE_IMAGE_PATH,RELATE_IMAGE_NM) values ('KO','root','dir',0,0,1,'root','/','/');
insert into LETTNMENUINFO(LOCALE,MENU_NM,PROGRM_FILE_NM,MENU_NO,UPPER_MENU_NO,MENU_ORDR,MENU_DC,RELATE_IMAGE_PATH,RELATE_IMAGE_NM) values ('KO','WISCKO','dir',1000000,0,1,'WISCKO','/','/');
insert into LETTNMENUINFO(LOCALE,MENU_NM,PROGRM_FILE_NM,MENU_NO,UPPER_MENU_NO,MENU_ORDR,MENU_DC,RELATE_IMAGE_PATH,RELATE_IMAGE_NM) values ('KO','WISCKO 소개','WisckoCntnView',1010000,1000000,1,'WISCKO 소개','/','/');
insert into LETTNMENUINFO(LOCALE,MENU_NM,PROGRM_FILE_NM,MENU_NO,UPPER_MENU_NO,MENU_ORDR,MENU_DC,RELATE_IMAGE_PATH,RELATE_IMAGE_NM) values ('KO','WHY WISCKO','WisckoCntnView',1020000,1000000,2,'WHY WISCKO','/','/');
insert into LETTNMENUINFO(LOCALE,MENU_NM,PROGRM_FILE_NM,MENU_NO,UPPER_MENU_NO,MENU_ORDR,MENU_DC,RELATE_IMAGE_PATH,RELATE_IMAGE_NM) values ('KO','제휴기관','WisckoCntnView',1030000,1000000,3,'제휴기관','/','/');
insert into LETTNMENUINFO(LOCALE,MENU_NM,PROGRM_FILE_NM,MENU_NO,UPPER_MENU_NO,MENU_ORDR,MENU_DC,RELATE_IMAGE_PATH,RELATE_IMAGE_NM) values ('KO','오시는길','WisckoCntnView',1040000,1000000,4,'오시는길','/','/');
insert into LETTNMENUINFO(LOCALE,MENU_NM,PROGRM_FILE_NM,MENU_NO,UPPER_MENU_NO,MENU_ORDR,MENU_DC,RELATE_IMAGE_PATH,RELATE_IMAGE_NM) values ('KO','한국유학','dir',2000000,0,2,'한국유학','/','/');
insert into LETTNMENUINFO(LOCALE,MENU_NM,PROGRM_FILE_NM,MENU_NO,UPPER_MENU_NO,MENU_ORDR,MENU_DC,RELATE_IMAGE_PATH,RELATE_IMAGE_NM) values ('KO','한국유학소개','WisckoCntnView',2010000,2000000,1,'한국유학소개','/','/');
insert into LETTNMENUINFO(LOCALE,MENU_NM,PROGRM_FILE_NM,MENU_NO,UPPER_MENU_NO,MENU_ORDR,MENU_DC,RELATE_IMAGE_PATH,RELATE_IMAGE_NM) values ('KO','어학연수','WisckoCntnView',2020000,2000000,2,'어학연수','/','/');
insert into LETTNMENUINFO(LOCALE,MENU_NM,PROGRM_FILE_NM,MENU_NO,UPPER_MENU_NO,MENU_ORDR,MENU_DC,RELATE_IMAGE_PATH,RELATE_IMAGE_NM) values ('KO','대학교입학','WisckoCntnView',2030000,2000000,3,'대학교입학','/','/');
insert into LETTNMENUINFO(LOCALE,MENU_NM,PROGRM_FILE_NM,MENU_NO,UPPER_MENU_NO,MENU_ORDR,MENU_DC,RELATE_IMAGE_PATH,RELATE_IMAGE_NM) values ('KO','대학원입학','WisckoCntnView',2040000,2000000,4,'대학원입학','/','/');
insert into LETTNMENUINFO(LOCALE,MENU_NM,PROGRM_FILE_NM,MENU_NO,UPPER_MENU_NO,MENU_ORDR,MENU_DC,RELATE_IMAGE_PATH,RELATE_IMAGE_NM) values ('KO','한국생활','dir',3000000,0,3,'한국생활','/','/');
insert into LETTNMENUINFO(LOCALE,MENU_NM,PROGRM_FILE_NM,MENU_NO,UPPER_MENU_NO,MENU_ORDR,MENU_DC,RELATE_IMAGE_PATH,RELATE_IMAGE_NM) values ('KO','알바','WisckoCntnView',3010000,3000000,1,'한국유학소개','/','/');
insert into LETTNMENUINFO(LOCALE,MENU_NM,PROGRM_FILE_NM,MENU_NO,UPPER_MENU_NO,MENU_ORDR,MENU_DC,RELATE_IMAGE_PATH,RELATE_IMAGE_NM) values ('KO','주거','WisckoCntnView',3020000,3000000,2,'어학연수','/','/');
insert into LETTNMENUINFO(LOCALE,MENU_NM,PROGRM_FILE_NM,MENU_NO,UPPER_MENU_NO,MENU_ORDR,MENU_DC,RELATE_IMAGE_PATH,RELATE_IMAGE_NM) values ('KO','맛집','WisckoCntnView',3030000,3000000,3,'대학교입학','/','/');
insert into LETTNMENUINFO(LOCALE,MENU_NM,PROGRM_FILE_NM,MENU_NO,UPPER_MENU_NO,MENU_ORDR,MENU_DC,RELATE_IMAGE_PATH,RELATE_IMAGE_NM) values ('KO','미국유학','dir',4000000,0,4,'미국유학','/','/');
insert into LETTNMENUINFO(LOCALE,MENU_NM,PROGRM_FILE_NM,MENU_NO,UPPER_MENU_NO,MENU_ORDR,MENU_DC,RELATE_IMAGE_PATH,RELATE_IMAGE_NM) values ('KO','WHY미국','WisckoCntnView',4010000,4000000,1,'WHY미국','/','/');
insert into LETTNMENUINFO(LOCALE,MENU_NM,PROGRM_FILE_NM,MENU_NO,UPPER_MENU_NO,MENU_ORDR,MENU_DC,RELATE_IMAGE_PATH,RELATE_IMAGE_NM) values ('KO','비자안내','WisckoCntnView',4020000,4000000,2,'비자안내','/','/');
insert into LETTNMENUINFO(LOCALE,MENU_NM,PROGRM_FILE_NM,MENU_NO,UPPER_MENU_NO,MENU_ORDR,MENU_DC,RELATE_IMAGE_PATH,RELATE_IMAGE_NM) values ('KO','신청절차','WisckoCntnView',4030000,4000000,3,'신청절차','/','/');
insert into LETTNMENUINFO(LOCALE,MENU_NM,PROGRM_FILE_NM,MENU_NO,UPPER_MENU_NO,MENU_ORDR,MENU_DC,RELATE_IMAGE_PATH,RELATE_IMAGE_NM) values ('KO','지역별학교','WisckoCntnView',4040000,4000000,4,'지역별학교','/','/');
insert into LETTNMENUINFO(LOCALE,MENU_NM,PROGRM_FILE_NM,MENU_NO,UPPER_MENU_NO,MENU_ORDR,MENU_DC,RELATE_IMAGE_PATH,RELATE_IMAGE_NM) values ('KO','미국생활','dir',5000000,0,5,'미국생활','/','/');
insert into LETTNMENUINFO(LOCALE,MENU_NM,PROGRM_FILE_NM,MENU_NO,UPPER_MENU_NO,MENU_ORDR,MENU_DC,RELATE_IMAGE_PATH,RELATE_IMAGE_NM) values ('KO','주요도시안내','WisckoCntnView',5010000,5000000,1,'주요도시안내','/','/');
insert into LETTNMENUINFO(LOCALE,MENU_NM,PROGRM_FILE_NM,MENU_NO,UPPER_MENU_NO,MENU_ORDR,MENU_DC,RELATE_IMAGE_PATH,RELATE_IMAGE_NM) values ('KO','주요관광지','WisckoCntnView',5020000,5000000,2,'주요관광지','/','/');
insert into LETTNMENUINFO(LOCALE,MENU_NM,PROGRM_FILE_NM,MENU_NO,UPPER_MENU_NO,MENU_ORDR,MENU_DC,RELATE_IMAGE_PATH,RELATE_IMAGE_NM) values ('KO','주거','WisckoCntnView',5030000,5000000,3,'주거','/','/');
insert into LETTNMENUINFO(LOCALE,MENU_NM,PROGRM_FILE_NM,MENU_NO,UPPER_MENU_NO,MENU_ORDR,MENU_DC,RELATE_IMAGE_PATH,RELATE_IMAGE_NM) values ('KO','미국지도','WisckoCntnView',5040000,5000000,4,'미국지도','/','/');


insert into LETTNMENUINFO(LOCALE,MENU_NM,PROGRM_FILE_NM,MENU_NO,UPPER_MENU_NO,MENU_ORDR,MENU_DC,RELATE_IMAGE_PATH,RELATE_IMAGE_NM) values ('KO','고객센터','dir',7000000,0,7,'고객센터','/','/');
insert into LETTNMENUINFO(LOCALE,MENU_NM,PROGRM_FILE_NM,MENU_NO,UPPER_MENU_NO,MENU_ORDR,MENU_DC,RELATE_IMAGE_PATH,RELATE_IMAGE_NM) values ('KO','공지사항','EgovInfoNotice',7010000,7000000,1,'공지사항','/','/');
insert into LETTNMENUINFO(LOCALE,MENU_NM,PROGRM_FILE_NM,MENU_NO,UPPER_MENU_NO,MENU_ORDR,MENU_DC,RELATE_IMAGE_PATH,RELATE_IMAGE_NM) values ('KO','QnA','EgovQnaListInqire',7020000,7000000,2,'QnA','/','/');
insert into LETTNMENUINFO(LOCALE,MENU_NM,PROGRM_FILE_NM,MENU_NO,UPPER_MENU_NO,MENU_ORDR,MENU_DC,RELATE_IMAGE_PATH,RELATE_IMAGE_NM) values ('KO','상담신청','EgovFaqListInqire',7030000,7000000,3,'상담신청','/','/');

insert into LETTNMENUINFO(LOCALE,MENU_NM,PROGRM_FILE_NM,MENU_NO,UPPER_MENU_NO,MENU_ORDR,MENU_DC,RELATE_IMAGE_PATH,RELATE_IMAGE_NM) values ('KO','시스템관리','dir',9000000,0,9,'시스템관리','/','/');
insert into LETTNMENUINFO(LOCALE,MENU_NM,PROGRM_FILE_NM,MENU_NO,UPPER_MENU_NO,MENU_ORDR,MENU_DC,RELATE_IMAGE_PATH,RELATE_IMAGE_NM) values ('KO','게시판관리','dir',9010000,9000000,1,'게시판관리','/','/');
insert into LETTNMENUINFO(LOCALE,MENU_NM,PROGRM_FILE_NM,MENU_NO,UPPER_MENU_NO,MENU_ORDR,MENU_DC,RELATE_IMAGE_PATH,RELATE_IMAGE_NM) values ('KO','게시판템플릿관리','EgovTemplateList',9010100,9010000,1,'게시판템플릿관리','/','/');
insert into LETTNMENUINFO(LOCALE,MENU_NM,PROGRM_FILE_NM,MENU_NO,UPPER_MENU_NO,MENU_ORDR,MENU_DC,RELATE_IMAGE_PATH,RELATE_IMAGE_NM) values ('KO','게시판생성관리','EgovBoardMstrList',9010200,9010000,2,'게시판생성관리','/','/');
insert into LETTNMENUINFO(LOCALE,MENU_NM,PROGRM_FILE_NM,MENU_NO,UPPER_MENU_NO,MENU_ORDR,MENU_DC,RELATE_IMAGE_PATH,RELATE_IMAGE_NM) values ('KO','게시판사용관리','EgovBoardUseInfList',9010300,9010000,3,'게시판사용관리','/','/');
insert into LETTNMENUINFO(LOCALE,MENU_NM,PROGRM_FILE_NM,MENU_NO,UPPER_MENU_NO,MENU_ORDR,MENU_DC,RELATE_IMAGE_PATH,RELATE_IMAGE_NM) values ('KO','사용자관리','dir',9020000,9000000,2,'사용자관리','/','/');
insert into LETTNMENUINFO(LOCALE,MENU_NM,PROGRM_FILE_NM,MENU_NO,UPPER_MENU_NO,MENU_ORDR,MENU_DC,RELATE_IMAGE_PATH,RELATE_IMAGE_NM) values ('KO','회원관리','EgovMberManage',9020100,9020000,1,'회원관리','/','/');
insert into LETTNMENUINFO(LOCALE,MENU_NM,PROGRM_FILE_NM,MENU_NO,UPPER_MENU_NO,MENU_ORDR,MENU_DC,RELATE_IMAGE_PATH,RELATE_IMAGE_NM) values ('KO','권한관리','EgovAuthorManage',9020200,9020000,2,'권한관리','/','/');
insert into LETTNMENUINFO(LOCALE,MENU_NM,PROGRM_FILE_NM,MENU_NO,UPPER_MENU_NO,MENU_ORDR,MENU_DC,RELATE_IMAGE_PATH,RELATE_IMAGE_NM) values ('KO','사용자그룹관리','EgovGroupManage',9020300,9020000,3,'그룹관리','/','/');
insert into LETTNMENUINFO(LOCALE,MENU_NM,PROGRM_FILE_NM,MENU_NO,UPPER_MENU_NO,MENU_ORDR,MENU_DC,RELATE_IMAGE_PATH,RELATE_IMAGE_NM) values ('KO','사용자별권한관리','EgovAuthorRoleManage',9020400,9020000,4,'권한그룹관리','/','/');
insert into LETTNMENUINFO(LOCALE,MENU_NM,PROGRM_FILE_NM,MENU_NO,UPPER_MENU_NO,MENU_ORDR,MENU_DC,RELATE_IMAGE_PATH,RELATE_IMAGE_NM) values ('KO','롤관리','EgovRoleManage',9020500,9020000,5,'롤관리','/','/');
insert into LETTNMENUINFO(LOCALE,MENU_NM,PROGRM_FILE_NM,MENU_NO,UPPER_MENU_NO,MENU_ORDR,MENU_DC,RELATE_IMAGE_PATH,RELATE_IMAGE_NM) values ('KO','게시물관리','dir',9030000,9000000,3,'게시물관리','/','/');
insert into LETTNMENUINFO(LOCALE,MENU_NM,PROGRM_FILE_NM,MENU_NO,UPPER_MENU_NO,MENU_ORDR,MENU_DC,RELATE_IMAGE_PATH,RELATE_IMAGE_NM) values ('KO','FAQ관리','EgovFaqListInqire',9030100,9030000,1,'FAQ관리','/','/');
insert into LETTNMENUINFO(LOCALE,MENU_NM,PROGRM_FILE_NM,MENU_NO,UPPER_MENU_NO,MENU_ORDR,MENU_DC,RELATE_IMAGE_PATH,RELATE_IMAGE_NM) values ('KO','QnA관리','EgovQnaListInqire',9030200,9030000,2,'QnA관리','/','/');
insert into LETTNMENUINFO(LOCALE,MENU_NM,PROGRM_FILE_NM,MENU_NO,UPPER_MENU_NO,MENU_ORDR,MENU_DC,RELATE_IMAGE_PATH,RELATE_IMAGE_NM) values ('KO','QnA답변관리','EgovQnaAnswerListInqire',9030300,9030000,3,'QnA답변관리','/','/');
insert into LETTNMENUINFO(LOCALE,MENU_NM,PROGRM_FILE_NM,MENU_NO,UPPER_MENU_NO,MENU_ORDR,MENU_DC,RELATE_IMAGE_PATH,RELATE_IMAGE_NM) values ('KO','공지사항관리','EgovInfoNoticeAdmin',9030400,9030000,4,'공지사항관리','/','/');
insert into LETTNMENUINFO(LOCALE,MENU_NM,PROGRM_FILE_NM,MENU_NO,UPPER_MENU_NO,MENU_ORDR,MENU_DC,RELATE_IMAGE_PATH,RELATE_IMAGE_NM) values ('KO','자유게시판관리','EgovInfoFreeAdmin',9030500,9030000,5,'자유게시판관리','/','/');
insert into LETTNMENUINFO(LOCALE,MENU_NM,PROGRM_FILE_NM,MENU_NO,UPPER_MENU_NO,MENU_ORDR,MENU_DC,RELATE_IMAGE_PATH,RELATE_IMAGE_NM) values ('KO','대학교관리','WisckoUnivList',9030600,9030000,6,'대학교관리','/','/');
insert into LETTNMENUINFO(LOCALE,MENU_NM,PROGRM_FILE_NM,MENU_NO,UPPER_MENU_NO,MENU_ORDR,MENU_DC,RELATE_IMAGE_PATH,RELATE_IMAGE_NM) values ('KO','컨텐츠관리','WisckoCntnList',9030700,9030000,7,'컨텐츠관리','/','/');
insert into LETTNMENUINFO(LOCALE,MENU_NM,PROGRM_FILE_NM,MENU_NO,UPPER_MENU_NO,MENU_ORDR,MENU_DC,RELATE_IMAGE_PATH,RELATE_IMAGE_NM) values ('KO','사이트관리','dir',9040000,9000000,4,'사이트관리','/','/');
insert into LETTNMENUINFO(LOCALE,MENU_NM,PROGRM_FILE_NM,MENU_NO,UPPER_MENU_NO,MENU_ORDR,MENU_DC,RELATE_IMAGE_PATH,RELATE_IMAGE_NM) values ('KO','프로그램관리','EgovProgramListManageSelect',9040100,9040000,1,'프로그램관리','/','/');
insert into LETTNMENUINFO(LOCALE,MENU_NM,PROGRM_FILE_NM,MENU_NO,UPPER_MENU_NO,MENU_ORDR,MENU_DC,RELATE_IMAGE_PATH,RELATE_IMAGE_NM) values ('KO','메뉴리스트관리','EgovMenuListSelect',9040200,9040000,2,'메뉴리스트관리','/','/');
insert into LETTNMENUINFO(LOCALE,MENU_NM,PROGRM_FILE_NM,MENU_NO,UPPER_MENU_NO,MENU_ORDR,MENU_DC,RELATE_IMAGE_PATH,RELATE_IMAGE_NM) values ('KO','메뉴생성관리','EgovMenuCreatManageSelect',9040300,9040000,3,'메뉴생성관리','/','/');

#메뉴생성목록
insert into LETTNMENUCREATDTLS(LOCALE,MENU_NO,AUTHOR_CODE,MAPNG_CREAT_ID) values ('KO',0,'ROLE_ADMIN',null);
insert into LETTNMENUCREATDTLS(LOCALE,MENU_NO,AUTHOR_CODE,MAPNG_CREAT_ID) values ('KO',0,'ROLE_ANONYMOUS',null);
insert into LETTNMENUCREATDTLS(LOCALE,MENU_NO,AUTHOR_CODE,MAPNG_CREAT_ID) values ('KO',0,'ROLE_USER_MEMBER',null);
insert into LETTNMENUCREATDTLS(LOCALE,MENU_NO,AUTHOR_CODE,MAPNG_CREAT_ID) values ('KO',1000000,'ROLE_ADMIN',null);
insert into LETTNMENUCREATDTLS(LOCALE,MENU_NO,AUTHOR_CODE,MAPNG_CREAT_ID) values ('KO',1010000,'ROLE_ADMIN',null);
insert into LETTNMENUCREATDTLS(LOCALE,MENU_NO,AUTHOR_CODE,MAPNG_CREAT_ID) values ('KO',1020000,'ROLE_ADMIN',null);
insert into LETTNMENUCREATDTLS(LOCALE,MENU_NO,AUTHOR_CODE,MAPNG_CREAT_ID) values ('KO',1030000,'ROLE_ADMIN',null);
insert into LETTNMENUCREATDTLS(LOCALE,MENU_NO,AUTHOR_CODE,MAPNG_CREAT_ID) values ('KO',1040000,'ROLE_ADMIN',null);
insert into LETTNMENUCREATDTLS(LOCALE,MENU_NO,AUTHOR_CODE,MAPNG_CREAT_ID) values ('KO',2000000,'ROLE_ADMIN',null);
insert into LETTNMENUCREATDTLS(LOCALE,MENU_NO,AUTHOR_CODE,MAPNG_CREAT_ID) values ('KO',2010000,'ROLE_ADMIN',null);
insert into LETTNMENUCREATDTLS(LOCALE,MENU_NO,AUTHOR_CODE,MAPNG_CREAT_ID) values ('KO',2020000,'ROLE_ADMIN',null);
insert into LETTNMENUCREATDTLS(LOCALE,MENU_NO,AUTHOR_CODE,MAPNG_CREAT_ID) values ('KO',2030000,'ROLE_ADMIN',null);
insert into LETTNMENUCREATDTLS(LOCALE,MENU_NO,AUTHOR_CODE,MAPNG_CREAT_ID) values ('KO',2040000,'ROLE_ADMIN',null);
insert into LETTNMENUCREATDTLS(LOCALE,MENU_NO,AUTHOR_CODE,MAPNG_CREAT_ID) values ('KO',3000000,'ROLE_ADMIN',null);
insert into LETTNMENUCREATDTLS(LOCALE,MENU_NO,AUTHOR_CODE,MAPNG_CREAT_ID) values ('KO',3010000,'ROLE_ADMIN',null);
insert into LETTNMENUCREATDTLS(LOCALE,MENU_NO,AUTHOR_CODE,MAPNG_CREAT_ID) values ('KO',3020000,'ROLE_ADMIN',null);
insert into LETTNMENUCREATDTLS(LOCALE,MENU_NO,AUTHOR_CODE,MAPNG_CREAT_ID) values ('KO',3030000,'ROLE_ADMIN',null);
insert into LETTNMENUCREATDTLS(LOCALE,MENU_NO,AUTHOR_CODE,MAPNG_CREAT_ID) values ('KO',4000000,'ROLE_ADMIN',null);
insert into LETTNMENUCREATDTLS(LOCALE,MENU_NO,AUTHOR_CODE,MAPNG_CREAT_ID) values ('KO',4010000,'ROLE_ADMIN',null);
insert into LETTNMENUCREATDTLS(LOCALE,MENU_NO,AUTHOR_CODE,MAPNG_CREAT_ID) values ('KO',4020000,'ROLE_ADMIN',null);
insert into LETTNMENUCREATDTLS(LOCALE,MENU_NO,AUTHOR_CODE,MAPNG_CREAT_ID) values ('KO',4030000,'ROLE_ADMIN',null);
insert into LETTNMENUCREATDTLS(LOCALE,MENU_NO,AUTHOR_CODE,MAPNG_CREAT_ID) values ('KO',4040000,'ROLE_ADMIN',null);
insert into LETTNMENUCREATDTLS(LOCALE,MENU_NO,AUTHOR_CODE,MAPNG_CREAT_ID) values ('KO',5000000,'ROLE_ADMIN',null);
insert into LETTNMENUCREATDTLS(LOCALE,MENU_NO,AUTHOR_CODE,MAPNG_CREAT_ID) values ('KO',5010000,'ROLE_ADMIN',null);
insert into LETTNMENUCREATDTLS(LOCALE,MENU_NO,AUTHOR_CODE,MAPNG_CREAT_ID) values ('KO',5020000,'ROLE_ADMIN',null);
insert into LETTNMENUCREATDTLS(LOCALE,MENU_NO,AUTHOR_CODE,MAPNG_CREAT_ID) values ('KO',5030000,'ROLE_ADMIN',null);
insert into LETTNMENUCREATDTLS(LOCALE,MENU_NO,AUTHOR_CODE,MAPNG_CREAT_ID) values ('KO',5040000,'ROLE_ADMIN',null);
insert into LETTNMENUCREATDTLS(LOCALE,MENU_NO,AUTHOR_CODE,MAPNG_CREAT_ID) values ('KO',7000000,'ROLE_ADMIN',null);
insert into LETTNMENUCREATDTLS(LOCALE,MENU_NO,AUTHOR_CODE,MAPNG_CREAT_ID) values ('KO',7010000,'ROLE_ADMIN',null);
insert into LETTNMENUCREATDTLS(LOCALE,MENU_NO,AUTHOR_CODE,MAPNG_CREAT_ID) values ('KO',7020000,'ROLE_ADMIN',null);
insert into LETTNMENUCREATDTLS(LOCALE,MENU_NO,AUTHOR_CODE,MAPNG_CREAT_ID) values ('KO',7030000,'ROLE_ADMIN',null);
insert into LETTNMENUCREATDTLS(LOCALE,MENU_NO,AUTHOR_CODE,MAPNG_CREAT_ID) values ('KO',9000000,'ROLE_ADMIN',null);
insert into LETTNMENUCREATDTLS(LOCALE,MENU_NO,AUTHOR_CODE,MAPNG_CREAT_ID) values ('KO',9010000,'ROLE_ADMIN',null);
insert into LETTNMENUCREATDTLS(LOCALE,MENU_NO,AUTHOR_CODE,MAPNG_CREAT_ID) values ('KO',9010100,'ROLE_ADMIN',null);
insert into LETTNMENUCREATDTLS(LOCALE,MENU_NO,AUTHOR_CODE,MAPNG_CREAT_ID) values ('KO',9010200,'ROLE_ADMIN',null);
insert into LETTNMENUCREATDTLS(LOCALE,MENU_NO,AUTHOR_CODE,MAPNG_CREAT_ID) values ('KO',9010300,'ROLE_ADMIN',null);
insert into LETTNMENUCREATDTLS(LOCALE,MENU_NO,AUTHOR_CODE,MAPNG_CREAT_ID) values ('KO',9020000,'ROLE_ADMIN',null);
insert into LETTNMENUCREATDTLS(LOCALE,MENU_NO,AUTHOR_CODE,MAPNG_CREAT_ID) values ('KO',9020100,'ROLE_ADMIN',null);
insert into LETTNMENUCREATDTLS(LOCALE,MENU_NO,AUTHOR_CODE,MAPNG_CREAT_ID) values ('KO',9020200,'ROLE_ADMIN',null);
insert into LETTNMENUCREATDTLS(LOCALE,MENU_NO,AUTHOR_CODE,MAPNG_CREAT_ID) values ('KO',9020300,'ROLE_ADMIN',null);
insert into LETTNMENUCREATDTLS(LOCALE,MENU_NO,AUTHOR_CODE,MAPNG_CREAT_ID) values ('KO',9020400,'ROLE_ADMIN',null);
insert into LETTNMENUCREATDTLS(LOCALE,MENU_NO,AUTHOR_CODE,MAPNG_CREAT_ID) values ('KO',9030000,'ROLE_ADMIN',null);
insert into LETTNMENUCREATDTLS(LOCALE,MENU_NO,AUTHOR_CODE,MAPNG_CREAT_ID) values ('KO',9030100,'ROLE_ADMIN',null);
insert into LETTNMENUCREATDTLS(LOCALE,MENU_NO,AUTHOR_CODE,MAPNG_CREAT_ID) values ('KO',9030200,'ROLE_ADMIN',null);
insert into LETTNMENUCREATDTLS(LOCALE,MENU_NO,AUTHOR_CODE,MAPNG_CREAT_ID) values ('KO',9030300,'ROLE_ADMIN',null);
insert into LETTNMENUCREATDTLS(LOCALE,MENU_NO,AUTHOR_CODE,MAPNG_CREAT_ID) values ('KO',9030400,'ROLE_ADMIN',null);
insert into LETTNMENUCREATDTLS(LOCALE,MENU_NO,AUTHOR_CODE,MAPNG_CREAT_ID) values ('KO',9030500,'ROLE_ADMIN',null);
insert into LETTNMENUCREATDTLS(LOCALE,MENU_NO,AUTHOR_CODE,MAPNG_CREAT_ID) values ('KO',9030600,'ROLE_ADMIN',null);
insert into LETTNMENUCREATDTLS(LOCALE,MENU_NO,AUTHOR_CODE,MAPNG_CREAT_ID) values ('KO',9030700,'ROLE_ADMIN',null);
insert into LETTNMENUCREATDTLS(LOCALE,MENU_NO,AUTHOR_CODE,MAPNG_CREAT_ID) values ('KO',9040000,'ROLE_ADMIN',null);
insert into LETTNMENUCREATDTLS(LOCALE,MENU_NO,AUTHOR_CODE,MAPNG_CREAT_ID) values ('KO',9040100,'ROLE_ADMIN',null);
insert into LETTNMENUCREATDTLS(LOCALE,MENU_NO,AUTHOR_CODE,MAPNG_CREAT_ID) values ('KO',9040200,'ROLE_ADMIN',null);
insert into LETTNMENUCREATDTLS(LOCALE,MENU_NO,AUTHOR_CODE,MAPNG_CREAT_ID) values ('KO',9040300,'ROLE_ADMIN',null);
insert into LETTNMENUCREATDTLS(LOCALE,MENU_NO,AUTHOR_CODE,MAPNG_CREAT_ID) values ('KO',1000000,'ROLE_ANONYMOUS',null);
insert into LETTNMENUCREATDTLS(LOCALE,MENU_NO,AUTHOR_CODE,MAPNG_CREAT_ID) values ('KO',1010000,'ROLE_ANONYMOUS',null);
insert into LETTNMENUCREATDTLS(LOCALE,MENU_NO,AUTHOR_CODE,MAPNG_CREAT_ID) values ('KO',1020000,'ROLE_ANONYMOUS',null);
insert into LETTNMENUCREATDTLS(LOCALE,MENU_NO,AUTHOR_CODE,MAPNG_CREAT_ID) values ('KO',1030000,'ROLE_ANONYMOUS',null);
insert into LETTNMENUCREATDTLS(LOCALE,MENU_NO,AUTHOR_CODE,MAPNG_CREAT_ID) values ('KO',1040000,'ROLE_ANONYMOUS',null);
insert into LETTNMENUCREATDTLS(LOCALE,MENU_NO,AUTHOR_CODE,MAPNG_CREAT_ID) values ('KO',2000000,'ROLE_ANONYMOUS',null);
insert into LETTNMENUCREATDTLS(LOCALE,MENU_NO,AUTHOR_CODE,MAPNG_CREAT_ID) values ('KO',2010000,'ROLE_ANONYMOUS',null);
insert into LETTNMENUCREATDTLS(LOCALE,MENU_NO,AUTHOR_CODE,MAPNG_CREAT_ID) values ('KO',2020000,'ROLE_ANONYMOUS',null);
insert into LETTNMENUCREATDTLS(LOCALE,MENU_NO,AUTHOR_CODE,MAPNG_CREAT_ID) values ('KO',2030000,'ROLE_ANONYMOUS',null);
insert into LETTNMENUCREATDTLS(LOCALE,MENU_NO,AUTHOR_CODE,MAPNG_CREAT_ID) values ('KO',2040000,'ROLE_ANONYMOUS',null);
insert into LETTNMENUCREATDTLS(LOCALE,MENU_NO,AUTHOR_CODE,MAPNG_CREAT_ID) values ('KO',3000000,'ROLE_ANONYMOUS',null);
insert into LETTNMENUCREATDTLS(LOCALE,MENU_NO,AUTHOR_CODE,MAPNG_CREAT_ID) values ('KO',3010000,'ROLE_ANONYMOUS',null);
insert into LETTNMENUCREATDTLS(LOCALE,MENU_NO,AUTHOR_CODE,MAPNG_CREAT_ID) values ('KO',3020000,'ROLE_ANONYMOUS',null);
insert into LETTNMENUCREATDTLS(LOCALE,MENU_NO,AUTHOR_CODE,MAPNG_CREAT_ID) values ('KO',3030000,'ROLE_ANONYMOUS',null);
insert into LETTNMENUCREATDTLS(LOCALE,MENU_NO,AUTHOR_CODE,MAPNG_CREAT_ID) values ('KO',4000000,'ROLE_ANONYMOUS',null);
insert into LETTNMENUCREATDTLS(LOCALE,MENU_NO,AUTHOR_CODE,MAPNG_CREAT_ID) values ('KO',4010000,'ROLE_ANONYMOUS',null);
insert into LETTNMENUCREATDTLS(LOCALE,MENU_NO,AUTHOR_CODE,MAPNG_CREAT_ID) values ('KO',4020000,'ROLE_ANONYMOUS',null);
insert into LETTNMENUCREATDTLS(LOCALE,MENU_NO,AUTHOR_CODE,MAPNG_CREAT_ID) values ('KO',4030000,'ROLE_ANONYMOUS',null);
insert into LETTNMENUCREATDTLS(LOCALE,MENU_NO,AUTHOR_CODE,MAPNG_CREAT_ID) values ('KO',4040000,'ROLE_ANONYMOUS',null);
insert into LETTNMENUCREATDTLS(LOCALE,MENU_NO,AUTHOR_CODE,MAPNG_CREAT_ID) values ('KO',5000000,'ROLE_ANONYMOUS',null);
insert into LETTNMENUCREATDTLS(LOCALE,MENU_NO,AUTHOR_CODE,MAPNG_CREAT_ID) values ('KO',5010000,'ROLE_ANONYMOUS',null);
insert into LETTNMENUCREATDTLS(LOCALE,MENU_NO,AUTHOR_CODE,MAPNG_CREAT_ID) values ('KO',5020000,'ROLE_ANONYMOUS',null);
insert into LETTNMENUCREATDTLS(LOCALE,MENU_NO,AUTHOR_CODE,MAPNG_CREAT_ID) values ('KO',5030000,'ROLE_ANONYMOUS',null);
insert into LETTNMENUCREATDTLS(LOCALE,MENU_NO,AUTHOR_CODE,MAPNG_CREAT_ID) values ('KO',5040000,'ROLE_ANONYMOUS',null);
insert into LETTNMENUCREATDTLS(LOCALE,MENU_NO,AUTHOR_CODE,MAPNG_CREAT_ID) values ('KO',7000000,'ROLE_ANONYMOUS',null);
insert into LETTNMENUCREATDTLS(LOCALE,MENU_NO,AUTHOR_CODE,MAPNG_CREAT_ID) values ('KO',7010000,'ROLE_ANONYMOUS',null);
insert into LETTNMENUCREATDTLS(LOCALE,MENU_NO,AUTHOR_CODE,MAPNG_CREAT_ID) values ('KO',7020000,'ROLE_ANONYMOUS',null);
insert into LETTNMENUCREATDTLS(LOCALE,MENU_NO,AUTHOR_CODE,MAPNG_CREAT_ID) values ('KO',7030000,'ROLE_ANONYMOUS',null);
insert into LETTNMENUCREATDTLS(LOCALE,MENU_NO,AUTHOR_CODE,MAPNG_CREAT_ID) values ('KO',1000000,'ROLE_USER_MEMBER',null);
insert into LETTNMENUCREATDTLS(LOCALE,MENU_NO,AUTHOR_CODE,MAPNG_CREAT_ID) values ('KO',1010000,'ROLE_USER_MEMBER',null);
insert into LETTNMENUCREATDTLS(LOCALE,MENU_NO,AUTHOR_CODE,MAPNG_CREAT_ID) values ('KO',1020000,'ROLE_USER_MEMBER',null);
insert into LETTNMENUCREATDTLS(LOCALE,MENU_NO,AUTHOR_CODE,MAPNG_CREAT_ID) values ('KO',1030000,'ROLE_USER_MEMBER',null);
insert into LETTNMENUCREATDTLS(LOCALE,MENU_NO,AUTHOR_CODE,MAPNG_CREAT_ID) values ('KO',1040000,'ROLE_USER_MEMBER',null);
insert into LETTNMENUCREATDTLS(LOCALE,MENU_NO,AUTHOR_CODE,MAPNG_CREAT_ID) values ('KO',2000000,'ROLE_USER_MEMBER',null);
insert into LETTNMENUCREATDTLS(LOCALE,MENU_NO,AUTHOR_CODE,MAPNG_CREAT_ID) values ('KO',2010000,'ROLE_USER_MEMBER',null);
insert into LETTNMENUCREATDTLS(LOCALE,MENU_NO,AUTHOR_CODE,MAPNG_CREAT_ID) values ('KO',2020000,'ROLE_USER_MEMBER',null);
insert into LETTNMENUCREATDTLS(LOCALE,MENU_NO,AUTHOR_CODE,MAPNG_CREAT_ID) values ('KO',2030000,'ROLE_USER_MEMBER',null);
insert into LETTNMENUCREATDTLS(LOCALE,MENU_NO,AUTHOR_CODE,MAPNG_CREAT_ID) values ('KO',2040000,'ROLE_USER_MEMBER',null);
insert into LETTNMENUCREATDTLS(LOCALE,MENU_NO,AUTHOR_CODE,MAPNG_CREAT_ID) values ('KO',3000000,'ROLE_USER_MEMBER',null);
insert into LETTNMENUCREATDTLS(LOCALE,MENU_NO,AUTHOR_CODE,MAPNG_CREAT_ID) values ('KO',3010000,'ROLE_USER_MEMBER',null);
insert into LETTNMENUCREATDTLS(LOCALE,MENU_NO,AUTHOR_CODE,MAPNG_CREAT_ID) values ('KO',3020000,'ROLE_USER_MEMBER',null);
insert into LETTNMENUCREATDTLS(LOCALE,MENU_NO,AUTHOR_CODE,MAPNG_CREAT_ID) values ('KO',3030000,'ROLE_USER_MEMBER',null);
insert into LETTNMENUCREATDTLS(LOCALE,MENU_NO,AUTHOR_CODE,MAPNG_CREAT_ID) values ('KO',4000000,'ROLE_USER_MEMBER',null);
insert into LETTNMENUCREATDTLS(LOCALE,MENU_NO,AUTHOR_CODE,MAPNG_CREAT_ID) values ('KO',4010000,'ROLE_USER_MEMBER',null);
insert into LETTNMENUCREATDTLS(LOCALE,MENU_NO,AUTHOR_CODE,MAPNG_CREAT_ID) values ('KO',4020000,'ROLE_USER_MEMBER',null);
insert into LETTNMENUCREATDTLS(LOCALE,MENU_NO,AUTHOR_CODE,MAPNG_CREAT_ID) values ('KO',4030000,'ROLE_USER_MEMBER',null);
insert into LETTNMENUCREATDTLS(LOCALE,MENU_NO,AUTHOR_CODE,MAPNG_CREAT_ID) values ('KO',4040000,'ROLE_USER_MEMBER',null);
insert into LETTNMENUCREATDTLS(LOCALE,MENU_NO,AUTHOR_CODE,MAPNG_CREAT_ID) values ('KO',5000000,'ROLE_USER_MEMBER',null);
insert into LETTNMENUCREATDTLS(LOCALE,MENU_NO,AUTHOR_CODE,MAPNG_CREAT_ID) values ('KO',5010000,'ROLE_USER_MEMBER',null);
insert into LETTNMENUCREATDTLS(LOCALE,MENU_NO,AUTHOR_CODE,MAPNG_CREAT_ID) values ('KO',5020000,'ROLE_USER_MEMBER',null);
insert into LETTNMENUCREATDTLS(LOCALE,MENU_NO,AUTHOR_CODE,MAPNG_CREAT_ID) values ('KO',5030000,'ROLE_USER_MEMBER',null);
insert into LETTNMENUCREATDTLS(LOCALE,MENU_NO,AUTHOR_CODE,MAPNG_CREAT_ID) values ('KO',5040000,'ROLE_USER_MEMBER',null);
insert into LETTNMENUCREATDTLS(LOCALE,MENU_NO,AUTHOR_CODE,MAPNG_CREAT_ID) values ('KO',7000000,'ROLE_USER_MEMBER',null);
insert into LETTNMENUCREATDTLS(LOCALE,MENU_NO,AUTHOR_CODE,MAPNG_CREAT_ID) values ('KO',7010000,'ROLE_USER_MEMBER',null);
insert into LETTNMENUCREATDTLS(LOCALE,MENU_NO,AUTHOR_CODE,MAPNG_CREAT_ID) values ('KO',7020000,'ROLE_USER_MEMBER',null);
insert into LETTNMENUCREATDTLS(LOCALE,MENU_NO,AUTHOR_CODE,MAPNG_CREAT_ID) values ('KO',7030000,'ROLE_USER_MEMBER',null);
